Title,Year,Rated,Month_Release,Runtime,Genre,Director,Actors,Plot,Language,Country,Awards,Ratings,imdbRating,imdbVotes,imdbID,BoxOffice,Production
A Trip to the Moon,1902,TV-G,Oct,13,"Short, Adventure, Comedy, Fantasy, Sci-Fi",Georges Méliès,"Victor André, Bleuette Bernon, Brunnet, Jehanne d'Alcy",A group of astronomers go on an expedition to the Moon.,"None, French",France,1 win.,"[{'Source': 'Internet Movie Database', 'Value': '8.2/10'}]",8.2,43420,tt0000417,N/A,N/A
The Great Train Robbery,1903,TV-G,Dec,11,"Short, Action, Crime, Western",Edwin S. Porter,"A.C. Abadie, Gilbert M. 'Broncho Billy' Anderson, George Barnes, Justus D. Barnes","A group of bandits stage a brazen train hold-up, only to find a determined posse hot on their heels.","None, English",USA,1 win.,"[{'Source': 'Internet Movie Database', 'Value': '7.3/10'}]",7.3,16886,tt0000439,N/A,N/A
The Birth of a Nation,1915,TV-PG,Mar,195,"Drama, History, War",D.W. Griffith,"Henry B. Walthall, Lillian Gish, Mae Marsh, Miriam Cooper","The Stoneman family finds its friendship with the Camerons affected by the Civil War, both fighting in opposite armies. The development of the war in their lives plays through to Lincoln's assassination and the birth of the Ku Klux Klan.",None,USA,2 wins.,"[{'Source': 'Internet Movie Database', 'Value': '6.3/10'}, {'Source': 'Rotten Tomatoes', 'Value': '93%'}]",6.3,22470,tt0004972,N/A,"David W. Griffith Corp., Epoch Producing Corporation"
Les vampires,1915,Not Rated,Nov,421,"Action, Adventure, Crime, Drama, Mystery, Thriller",Louis Feuillade,"Musidora, Édouard Mathé, Marcel Lévesque, Jean Aymé",An intrepid reporter and his loyal friend battle a bizarre secret society of criminals known as The Vampires.,French,France,1 nomination.,"[{'Source': 'Internet Movie Database', 'Value': '7.3/10'}, {'Source': 'Rotten Tomatoes', 'Value': '96%'}]",7.3,4124,tt0006206,N/A,N/A
Intolerance: Love's Struggle Throughout the Ages,1916,Passed,Oct,197,"Drama, History",D.W. Griffith,"Lillian Gish, Mae Marsh, Robert Harron, F.A. Turner","The story of a poor young woman, separated by prejudice from her husband and baby, is interwoven with tales of intolerance from throughout history.","None, English",USA,1 win.,"[{'Source': 'Internet Movie Database', 'Value': '7.7/10'}, {'Source': 'Rotten Tomatoes', 'Value': '97%'}, {'Source': 'Metacritic', 'Value': '99/100'}]",7.7,13988,tt0006864,N/A,Triangle Film Corporation
Broken Blossoms,1919,Not Rated,Oct,90,"Drama, Romance",D.W. Griffith,"Lillian Gish, Richard Barthelmess, Donald Crisp, Arthur Howard","A frail waif, abused by her brutal boxer father in London's seedy Limehouse District, is befriended by a sensitive Chinese immigrant with tragic consequences.",N/A,USA,1 win.,"[{'Source': 'Internet Movie Database', 'Value': '7.3/10'}, {'Source': 'Rotten Tomatoes', 'Value': '95%'}]",7.3,9229,tt0009968,N/A,D.W. Griffith Productions
The Cabinet of Dr. Caligari,1920,Not Rated,Feb,67,"Fantasy, Horror, Mystery, Thriller",Robert Wiene,"Werner Krauss, Conrad Veidt, Friedrich Feher, Lil Dagover","Hypnotist Dr. Caligari uses a somnambulist, Cesare, to commit murders.","None, German",Germany,1 win & 1 nomination.,"[{'Source': 'Internet Movie Database', 'Value': '8.1/10'}, {'Source': 'Rotten Tomatoes', 'Value': '98%'}]",8.1,56552,tt0010323,N/A,Decla-Bioscop AG
Within Our Gates,1920,Not Rated,Jan,79,"Drama, Romance",Oscar Micheaux,"Evelyn Preer, Flo Clements, James D. Ruffin, Jack Chenault","Abandoned by her fiancé, an educated black woman with a shocking past dedicates herself to helping a near bankrupt school for impoverished black youths.",N/A,USA,2 wins & 1 nomination.,"[{'Source': 'Internet Movie Database', 'Value': '6.3/10'}, {'Source': 'Rotten Tomatoes', 'Value': '100%'}]",6.3,2215,tt0011870,N/A,Micheaux Book &amp
Orphans of the Storm,1921,Not Rated,,150,"Drama, History, Romance",D.W. Griffith,"Lillian Gish, Dorothy Gish, Joseph Schildkraut, Frank Losee","Two orphaned sisters are caught up in the turmoil of the French Revolution, encountering misery and love along the way.",English,USA,N/A,"[{'Source': 'Internet Movie Database', 'Value': '7.4/10'}, {'Source': 'Rotten Tomatoes', 'Value': '92%'}]",7.4,4595,tt0012532,N/A,D.W. Griffith Productions
The Phantom Carriage,1921,Not Rated,Jun,107,"Drama, Fantasy, Horror",Victor Sjöström,"Victor Sjöström, Hilda Borgström, Tore Svennberg, Astrid Holm","On New Year's Eve, the driver of a ghostly carriage forces a drunken man to reflect on his selfish, wasted life.","None, Swedish",Sweden,N/A,"[{'Source': 'Internet Movie Database', 'Value': '8.1/10'}, {'Source': 'Rotten Tomatoes', 'Value': '100%'}]",8.1,10112,tt0012364,N/A,Svensk Filmindustri
Dr. Mabuse the Gambler,1922,Not Rated,Sep,242,"Crime, Mystery, Thriller",Fritz Lang,"Rudolf Klein-Rogge, Aud Egede-Nissen, Gertrude Welcker, Alfred Abel",Arch-criminal Dr. Mabuse sets out to make a fortune and run Berlin. Detective Wenk sets out to stop him.,"None, German",Germany,1 nomination.,"[{'Source': 'Internet Movie Database', 'Value': '7.9/10'}, {'Source': 'Rotten Tomatoes', 'Value': '94%'}]",7.9,7342,tt0013086,N/A,N/A
Foolish Wives,1922,Not Rated,Jan,117,"Drama, Thriller",Erich von Stroheim,"Rudolph Christians, Miss DuPont, Maude George, Mae Busch",A con artist masquerades a Russian nobility and attempts to seduce the wife of an American diplomat.,"Latin, French, English",USA,1 win.,"[{'Source': 'Internet Movie Database', 'Value': '7.1/10'}, {'Source': 'Rotten Tomatoes', 'Value': '92%'}]",7.1,2958,tt0013140,N/A,Universal Film Manufacturing Company
Häxan,1922,Not Rated,May,91,"Documentary, Fantasy, History, Horror",Benjamin Christensen,"Maren Pedersen, Clara Pontoppidan, Elith Pio, Oscar Stribolt","Fictionalized documentary showing the evolution of witchcraft, from its pagan roots to its confusion with hysteria in Eastern Europe.","Swedish, Danish","Sweden, Denmark",N/A,"[{'Source': 'Internet Movie Database', 'Value': '7.7/10'}, {'Source': 'Rotten Tomatoes', 'Value': '88%'}]",7.7,12157,tt0013257,N/A,"Svensk Filmindustri, Aljosha Production Company"
Nanook of the North,1922,Not Rated,Jun,78,Documentary,Robert J. Flaherty,"Allakariallak, Alice Nevalinga, Cunayou, Allegoo","In this silent predecessor to the modern documentary, film-maker Robert J. Flaherty spends one year following the lives of Nanook and his family, Inuits living in the Arctic Circle.",N/A,"USA, France",1 win.,"[{'Source': 'Internet Movie Database', 'Value': '7.6/10'}, {'Source': 'Rotten Tomatoes', 'Value': '100%'}]",7.6,10402,tt0013427,N/A,"Pathé Exchange Inc., Les Frères Revillon"
Nosferatu,1922,Not Rated,Jun,94,"Fantasy, Horror",F.W. Murnau,"Max Schreck, Gustav von Wangenheim, Greta Schröder, Georg H. Schnell",Vampire Count Orlok expresses interest in a new residence and real estate agent Hutter's wife.,"None, German",Germany,1 win & 2 nominations.,"[{'Source': 'Internet Movie Database', 'Value': '7.9/10'}, {'Source': 'Rotten Tomatoes', 'Value': '97%'}]",7.9,87917,tt0013442,N/A,Jofa-Atelier Berlin-Johannisthal
The Smiling Madame Beudet,1923,N/A,Nov,26,"Short, Drama",Germaine Dulac,"Germaine Dermoz, Alexandre Arquillière, Jean d'Yd, Yvette Grisier",An unhappily married woman devises a scheme to get rid of her husband.,None,France,N/A,"[{'Source': 'Internet Movie Database', 'Value': '6.7/10'}]",6.7,1964,tt0013626,N/A,N/A
Our Hospitality,1923,Passed,Dec,65,"Comedy, Romance, Thriller","John G. Blystone, Buster Keaton","Buster Keaton, Natalie Talmadge, Joe Roberts, Francis X. Bushman Jr.","A man returns to his Appalachian homestead. On the trip, he falls for a young woman. The only problem is her family has vowed to kill every member of his family.","None, English",USA,1 nomination.,"[{'Source': 'Internet Movie Database', 'Value': '7.8/10'}, {'Source': 'Rotten Tomatoes', 'Value': '96%'}]",7.8,10060,tt0014341,N/A,Joseph M. Schenck Productions
The Wheel,1923,Not Rated,Feb,418,Drama,Abel Gance,"Gabriel de Gravone, Pierre Magnier, Georges Térof, Séverin-Mars","A railway engineer adopts a young girl orphaned by a train crash. Years later when she starts getting suitors, he grapples with whether or not to tell her the truth about her parentage.","None, French, English",France,N/A,"[{'Source': 'Internet Movie Database', 'Value': '7.4/10'}, {'Source': 'Rotten Tomatoes', 'Value': '80%'}]",7.4,1919,tt0014417,N/A,Films Abel Gance
The Great White Silence,1924,N/A,,80,Documentary,Herbert G. Ponting,"Robert Falcon Scott, Herbert G. Ponting, Henry R. Bowers, Edgar Evans","In 1910 the British Antarctic Expedition, led by Capt. Robert F. Scott, embarks from Lyttleton, NZ on a quest to become the first to reach the South Pole.",English,UK,N/A,"[{'Source': 'Internet Movie Database', 'Value': '8.0/10'}]",8,917,tt1764657,N/A,N/A
Greed,1924,Not Rated,Jan,140,"Drama, Thriller, Western",Erich von Stroheim,"Zasu Pitts, Gibson Gowland, Jean Hersholt, Dale Fuller",The sudden fortune won from a lottery fans such destructive greed that it ruins the lives of the three people involved.,English,USA,1 win.,"[{'Source': 'Internet Movie Database', 'Value': '8.1/10'}, {'Source': 'Rotten Tomatoes', 'Value': '96%'}]",8.1,8406,tt0015881,N/A,Metro Goldwyn Mayer
The Last Laugh,1924,Not Rated,Jan,90,Drama,F.W. Murnau,"Emil Jannings, Maly Delschaft, Max Hiller, Emilie Kurz","An aging doorman is forced to face the scorn of his friends, neighbors and society after being fired from his prestigious job at a luxurious hotel.",None,Germany,N/A,"[{'Source': 'Internet Movie Database', 'Value': '8.1/10'}, {'Source': 'Rotten Tomatoes', 'Value': '100%'}]",8.1,12389,tt0015064,N/A,N/A
Sherlock Jr.,1924,Passed,May,45,"Action, Comedy, Romance",Buster Keaton,"Buster Keaton, Kathryn McGuire, Joe Keaton, Erwin Connelly","A film projectionist longs to be a detective, and puts his meagre skills to work when he is framed by a rival for stealing his girlfriend's father's pocketwatch.","None, English",USA,1 win.,"[{'Source': 'Internet Movie Database', 'Value': '8.2/10'}, {'Source': 'Rotten Tomatoes', 'Value': '96%'}]",8.2,40713,tt0015324,N/A,Buster Keaton Productions Inc. [us]
The Thief of Bagdad,1924,Not Rated,Apr,155,"Adventure, Family, Fantasy, Romance",Raoul Walsh,"Douglas Fairbanks, Snitz Edwards, Charles Belcher, Julanne Johnston",A recalcitrant thief vies with a duplicitous Mongol ruler for the hand of a beautiful princess.,N/A,USA,2 wins.,"[{'Source': 'Internet Movie Database', 'Value': '7.7/10'}, {'Source': 'Rotten Tomatoes', 'Value': '96%'}]",7.7,5466,tt0015400,N/A,Douglas Fairbanks Pictures
Battleship Potemkin,1925,Not Rated,Dec,66,"Drama, History, Thriller, War",Sergei M. Eisenstein,"Aleksandr Antonov, Vladimir Barskiy, Grigoriy Aleksandrov, Ivan Bobrov","In the midst of the Russian Revolution of 1905, the crew of the battleship Potemkin mutiny against the brutal, tyrannical regime of the vessel's officers. The resulting street demonstration in Odessa brings on a police massacre.","None, Russian",Soviet Union,1 win.,"[{'Source': 'Internet Movie Database', 'Value': '8.0/10'}, {'Source': 'Rotten Tomatoes', 'Value': '100%'}, {'Source': 'Metacritic', 'Value': '97/100'}]",8,52385,tt0015648,N/A,Goskino
The Big Parade,1925,Not Rated,,151,"Drama, Romance, War","King Vidor, George W. Hill","John Gilbert, Renée Adorée, Hobart Bosworth, Claire McDowell",A young American soldier witnesses the horrors of the Great War.,None,USA,3 wins.,"[{'Source': 'Internet Movie Database', 'Value': '7.9/10'}, {'Source': 'Rotten Tomatoes', 'Value': '100%'}]",7.9,6124,tt0015624,N/A,Metro-Goldwyn-Mayer
The Eagle,1925,Unrated,Nov,73,"Action, Comedy, Drama, History, Romance",Clarence Brown,"Rudolph Valentino, Vilma Bánky, Louise Dresser, Albert Conti","A wanted Russian lieutenant becomes a masked vigilante seeking vengeance upon the man who stole his family's land, only to fall for his charming daughter.",English,USA,N/A,"[{'Source': 'Internet Movie Database', 'Value': '6.6/10'}, {'Source': 'Rotten Tomatoes', 'Value': '74%'}]",6.6,1709,tt0015772,N/A,Art Finance Corporation
The Gold Rush,1925,Passed,Jul,95,"Adventure, Comedy, Drama, Western",Charles Chaplin,"Charles Chaplin, Mack Swain, Tom Murray, Henry Bergman",A prospector goes to the Klondike in search of gold and finds it and more.,"None, English",USA,Nominated for 2 Oscars. Another 3 wins & 1 nomination.,"[{'Source': 'Internet Movie Database', 'Value': '8.2/10'}, {'Source': 'Rotten Tomatoes', 'Value': '100%'}]",8.2,99071,tt0015864,N/A,Charles Chaplin Productions
The Phantom of the Opera,1925,Passed,Nov,93,Horror,"Rupert Julian, Lon Chaney, Ernst Laemmle, Edward Sedgwick","Lon Chaney, Mary Philbin, Norman Kerry, Arthur Edmund Carewe","A mad, disfigured composer seeks love with a lovely young opera singer.",N/A,USA,2 wins & 1 nomination.,"[{'Source': 'Internet Movie Database', 'Value': '7.6/10'}, {'Source': 'Rotten Tomatoes', 'Value': '90%'}]",7.6,16381,tt0016220,N/A,Hammer Films
Strike,1925,Not Rated,,82,Drama,Sergei M. Eisenstein,"Maksim Shtraukh, Grigoriy Aleksandrov, Mikhail Gomorov, I. Ivanov",A group of oppressed factory workers go on strike in pre-revolutionary Russia.,None,Soviet Union,N/A,"[{'Source': 'Internet Movie Database', 'Value': '7.6/10'}, {'Source': 'Rotten Tomatoes', 'Value': '100%'}]",7.6,6913,tt0015361,N/A,Goskino
The Adventures of Prince Achmed,1926,Not Rated,Jun,80,"Animation, Adventure, Fantasy, Romance","Lotte Reiniger, Carl Koch",N/A,"A handsome prince rides a flying horse to faraway lands and embarks on magical adventures, which include befriending a witch, meeting Aladdin, battling demons and falling in love with a princess.",None,Germany,N/A,"[{'Source': 'Internet Movie Database', 'Value': '7.8/10'}, {'Source': 'Rotten Tomatoes', 'Value': '100%'}]",7.8,5179,tt0015532,N/A,Paramount
The General,1926,Passed,Jan,67,"Action, Adventure, Comedy, Drama, War","Clyde Bruckman, Buster Keaton","Marion Mack, Glen Cavender, Jim Farley, Frederick Vroom","When Union spies steal an engineer's beloved locomotive, he pursues it single-handedly and straight through enemy lines.","None, English",USA,2 wins & 1 nomination.,"[{'Source': 'Internet Movie Database', 'Value': '8.1/10'}, {'Source': 'Rotten Tomatoes', 'Value': '93%'}]",8.1,79706,tt0017925,N/A,"United Artists, Buster Keaton Productions Inc. [us]"
The Jazz Singer,1927,Unrated,Feb,88,"Drama, Music, Musical, Romance",Alan Crosland,"Al Jolson, May McAvoy, Warner Oland, Eugenie Besserer",The son of a Jewish Cantor must defy the traditions of his religious father in order to pursue his dream of becoming a jazz singer.,English,USA,Nominated for 1 Oscar. Another 3 wins.,"[{'Source': 'Internet Movie Database', 'Value': '6.5/10'}, {'Source': 'Rotten Tomatoes', 'Value': '75%'}, {'Source': 'Metacritic', 'Value': '66/100'}]",6.5,8953,tt0018037,N/A,Warner Bros.
The Kid Brother,1927,Passed,Jan,82,"Comedy, Drama, Family, Romance","Ted Wilde, Harold Lloyd, Lewis Milestone, J.A. Howe(co-director)","Harold Lloyd, Jobyna Ralston, Walter James, Leo Willis",A sheriff's milquetoast son has a chance to prove himself when a medicine show run by con artists comes into town.,English,USA,1 nomination.,"[{'Source': 'Internet Movie Database', 'Value': '7.6/10'}, {'Source': 'Rotten Tomatoes', 'Value': '100%'}]",7.6,3748,tt0018051,N/A,Paramount Pictures
Metropolis,1927,Not Rated,Mar,153,"Drama, Sci-Fi",Fritz Lang,"Alfred Abel, Gustav Fröhlich, Rudolf Klein-Rogge, Fritz Rasp","In a futuristic city sharply divided between the working class and the city planners, the son of the city's mastermind falls in love with a working class prophet who predicts the coming of a savior to mediate their differences.","German, None",Germany,6 wins & 6 nominations.,"[{'Source': 'Internet Movie Database', 'Value': '8.3/10'}, {'Source': 'Rotten Tomatoes', 'Value': '97%'}, {'Source': 'Metacritic', 'Value': '98/100'}]",8.3,158085,tt0017136,N/A,Paramount
Napoleon,1927,N/A,Feb,330,"Biography, Drama, History, War",Abel Gance,"Albert Dieudonné, Vladimir Roudenko, Edmond Van Daële, Alexandre Koubitzky",A film about the French general's youth and early military career.,N/A,France,4 wins.,"[{'Source': 'Internet Movie Database', 'Value': '8.1/10'}, {'Source': 'Rotten Tomatoes', 'Value': '88%'}]",8.1,6938,tt0018192,N/A,"Société Westi, Isepa-Wengeroff Film GmbH, Société générale des films, Films Abel Gance, Ciné France, Pathé Consortium Cinéma"
Sunrise,1927,Passed,Nov,94,"Drama, Romance",F.W. Murnau,"George O'Brien, Janet Gaynor, Margaret Livingston, Bodil Rosing",An allegorical tale about a man fighting the good and evil within him. Both sides are made flesh - one a sophisticated woman he is attracted to and the other his wife.,English,USA,Won 3 Oscars. Another 3 wins & 2 nominations.,"[{'Source': 'Internet Movie Database', 'Value': '8.1/10'}, {'Source': 'Rotten Tomatoes', 'Value': '98%'}]",8.1,46415,tt0018455,N/A,Fox Film Corporation
The Unknown,1927,Unrated,Jun,63,"Drama, Horror, Romance, Thriller",Tod Browning,"Lon Chaney, Norman Kerry, Joan Crawford, Nick De Ruiz",A criminal on the run hides in a circus and seeks to possess the daughter of the ringmaster at any cost.,English,USA,1 win & 2 nominations.,"[{'Source': 'Internet Movie Database', 'Value': '7.8/10'}, {'Source': 'Rotten Tomatoes', 'Value': '100%'}]",7.8,6707,tt0018528,N/A,Metro-Goldwyn-Mayer
The Crowd,1928,Not Rated,Mar,98,"Drama, Romance",King Vidor,"Eleanor Boardman, James Murray, Bert Roach, Estelle Clark","The life of a man and woman together in a large, impersonal metropolis through their hopes, struggles and downfalls.",None,USA,Nominated for 2 Oscars. Another 2 wins & 1 nomination.,"[{'Source': 'Internet Movie Database', 'Value': '8.1/10'}, {'Source': 'Rotten Tomatoes', 'Value': '96%'}]",8.1,7403,tt0018806,N/A,Metro Goldwyn Mayer
The Docks of New York,1928,Not Rated,Sep,76,"Crime, Drama, Film-Noir, Romance",Josef von Sternberg,"George Bancroft, Betty Compson, Olga Baclanova, Clyde Cook",A blue-collar worker on New York's depressed waterfront finds his life changed after he saves a woman attempting suicide.,"None, English",USA,3 wins.,"[{'Source': 'Internet Movie Database', 'Value': '7.5/10'}, {'Source': 'Rotten Tomatoes', 'Value': '100%'}]",7.5,3879,tt0018839,N/A,N/A
October (Ten Days that Shook the World),1927,N/A,Sep,95,"Drama, History","Grigoriy Aleksandrov, Sergei M. Eisenstein","Nikolay Popov, Vasili Nikandrov, Layaschenko, Chibisov","A large-scale view on the events of 1917 in Russia, when the monarchy was overthrown.",N/A,Soviet Union,2 wins & 2 nominations.,"[{'Source': 'Internet Movie Database', 'Value': '7.4/10'}, {'Source': 'Rotten Tomatoes', 'Value': '91%'}]",7.4,6527,tt0018217,N/A,Sovkino
The Passion of Joan of Arc,1928,Passed,Oct,114,"Biography, Drama, History",Carl Theodor Dreyer,"Maria Falconetti, Eugene Silvain, André Berley, Maurice Schutz","In 1431, Jeanne d'Arc is placed on trial on charges of heresy. The ecclesiastical jurists attempt to force Jeanne to recant her claims of holy visions.","None, French",France,3 wins & 2 nominations.,"[{'Source': 'Internet Movie Database', 'Value': '8.1/10'}, {'Source': 'Rotten Tomatoes', 'Value': '98%'}]",8.1,46289,tt0019254,N/A,Société générale des films
"Steamboat Bill, Jr.",1928,Not Rated,May,70,"Action, Comedy, Drama, Family, Romance","Charles Reisner, Buster Keaton","Buster Keaton, Tom McGuire, Ernest Torrence, Tom Lewis",The effete son of a cantankerous riverboat captain comes to join his father's crew.,"None, English",USA,3 wins & 3 nominations.,"[{'Source': 'Internet Movie Database', 'Value': '7.9/10'}, {'Source': 'Rotten Tomatoes', 'Value': '100%'}]",7.9,13052,tt0019421,N/A,Buster Keaton Productions Inc. [us]
Storm Over Asia,1928,N/A,Sep,74,"Drama, War",Vsevolod Pudovkin,"Valéry Inkijinoff, I. Dedintsev, Aleksandr Chistyakov, Viktor Tsoppi","After a run-in with the law, a Mongolian man becomes a fugitive and joins the Russian Civil War.","None, Russian",Soviet Union,1 win.,"[{'Source': 'Internet Movie Database', 'Value': '7.1/10'}]",7.1,1831,tt0019286,N/A,N/A
Blackmail,1929,Not Rated,Oct,85,"Crime, Thriller",Alfred Hitchcock,"Anny Ondra, Sara Allgood, Charles Paton, John Longden","After killing a man in self-defense, a young woman is blackmailed by a witness to the killing.",English,UK,N/A,"[{'Source': 'Internet Movie Database', 'Value': '7.0/10'}, {'Source': 'Rotten Tomatoes', 'Value': '86%'}]",7,9502,tt0019702,N/A,British International Pictures
Man with a Movie Camera,1929,Not Rated,May,68,"Documentary, Music",Dziga Vertov,Mikhail Kaufman,"A man travels around a city with a camera slung over his shoulder, documenting urban life with dazzling invention.",None,Soviet Union,1 win & 1 nomination.,"[{'Source': 'Internet Movie Database', 'Value': '8.4/10'}, {'Source': 'Rotten Tomatoes', 'Value': '97%'}]",8.4,22024,tt0019760,N/A,N/A
Pandora's Box,1929,Not Rated,Feb,109,"Crime, Drama, Romance",Georg Wilhelm Pabst,"Louise Brooks, Fritz Kortner, Francis Lederer, Carl Goetz",The rise and inevitable fall of an amoral but naive young woman whose insouciant eroticism inspires lust and violence in those around her.,"None, German",Germany,1 nomination.,"[{'Source': 'Internet Movie Database', 'Value': '7.9/10'}, {'Source': 'Rotten Tomatoes', 'Value': '93%'}]",7.9,9683,tt0018737,N/A,Nero-Film AG
A Throw of Dice,1929,NOT RATED,Jan,74,"Adventure, Drama, Romance",Franz Osten,"Seeta Devi, Himansu Rai, Charu Roy, Modhu Bose","With King Ranjit visiting him, King Sohat sees an opportunity to kill his young cousin and take over his kingdom. One of Sohat's henchmen fells Ranjit with a poisoned arrow, making it look ...",English,"UK, India, Germany",N/A,"[{'Source': 'Internet Movie Database', 'Value': '6.7/10'}, {'Source': 'Rotten Tomatoes', 'Value': '100%'}]",6.7,534,tt0020286,N/A,N/A
L'Age d'Or,1930,Not Rated,Nov,63,"Comedy, Drama",Luis Buñuel,"Gaston Modot, Lya Lys, Caridad de Laberdesque, Max Ernst","A surrealist tale of a man and a woman who are passionately in love with each other, but their attempts to consummate that passion are constantly thwarted by their families, the Church, and bourgeois society.",French,France,N/A,"[{'Source': 'Internet Movie Database', 'Value': '7.3/10'}, {'Source': 'Rotten Tomatoes', 'Value': '89%'}]",7.3,12612,tt0021577,N/A,Kino International Corp.
All Quiet on the Western Front,1930,Passed,Aug,152,"Drama, War",Lewis Milestone,"Louis Wolheim, Lew Ayres, John Wray, Arnold Lucy","A German youth eagerly enters World War I, but his enthusiasm wanes as he gets a firsthand view of the horror.","English, French, German, Latin",USA,Won 2 Oscars. Another 5 wins & 2 nominations.,"[{'Source': 'Internet Movie Database', 'Value': '8.0/10'}, {'Source': 'Rotten Tomatoes', 'Value': '98%'}, {'Source': 'Metacritic', 'Value': '91/100'}]",8,56756,tt0020629,N/A,Universal Pictures
#DUPE#,1930,N/A,,N/A,N/A,N/A,N/A,N/A,N/A,N/A,N/A,[],N/A,N/A,tt0020697,N/A,N/A
Earth,1930,Unrated,Oct,75,Drama,Aleksandr Dovzhenko,"Stepan Shkurat, Semyon Svashenko, Yuliya Solntseva, Yelena Maksimova","In the peaceful countryside, Vassily opposes the rich kulaks over the coming of collective farming.",Russian,Soviet Union,1 win & 1 nomination.,"[{'Source': 'Internet Movie Database', 'Value': '7.3/10'}, {'Source': 'Rotten Tomatoes', 'Value': '79%'}]",7.3,4951,tt0021571,N/A,N/A
La Chienne,1931,Not Rated,Nov,95,"Crime, Drama",Jean Renoir,"Michel Simon, Janie Marèse, Georges Flamant, Roger Gaillard",A woman and her pimp exploit a painter for money.,French,France,N/A,"[{'Source': 'Internet Movie Database', 'Value': '7.6/10'}, {'Source': 'Rotten Tomatoes', 'Value': '100%'}]",7.6,3671,tt0021739,N/A,Les Établissements Braunberger-Richebé
City Lights,1931,G,Mar,87,"Comedy, Drama, Romance",Charles Chaplin,"Virginia Cherrill, Florence Lee, Harry Myers, Al Ernest Garcia","With the aid of a wealthy erratic tippler, a dewy-eyed tramp who has fallen in love with a sightless flower girl accumulates money to be able to help her medically.","None, English",USA,3 wins.,"[{'Source': 'Internet Movie Database', 'Value': '8.5/10'}, {'Source': 'Rotten Tomatoes', 'Value': '98%'}, {'Source': 'Metacritic', 'Value': '99/100'}]",8.5,164505,tt0021749,N/A,Charles Chaplin Productions
Dracula,1931,Passed,Feb,75,"Drama, Fantasy, Horror","Tod Browning, Karl Freund","Bela Lugosi, Helen Chandler, David Manners, Dwight Frye","After a naive real estate agent succumbs to the will of Count Dracula, the two head to London where the vampire sleeps in his coffin by day and searches for potential victims by night.","English, Hungarian, Latin",USA,5 wins & 3 nominations.,"[{'Source': 'Internet Movie Database', 'Value': '7.5/10'}, {'Source': 'Rotten Tomatoes', 'Value': '92%'}, {'Source': 'Metacritic', 'Value': '71/100'}]",7.5,45610,tt0021814,N/A,Universal Pictures
Frankenstein,1931,Passed,Nov,70,"Drama, Horror, Sci-Fi, Thriller",James Whale,"Colin Clive, Mae Clarke, John Boles, Boris Karloff",Dr. Frankenstein dares to tamper with life and death by creating a human monster out of lifeless body parts.,"English, Latin",USA,4 wins & 3 nominations.,"[{'Source': 'Internet Movie Database', 'Value': '7.8/10'}, {'Source': 'Rotten Tomatoes', 'Value': '100%'}, {'Source': 'Metacritic', 'Value': '91/100'}]",7.8,64502,tt0021884,N/A,Universal Pictures
Little Caesar,1931,Not Rated,Jan,79,"Action, Crime, Drama, Romance",Mervyn LeRoy,"Edward G. Robinson, Douglas Fairbanks Jr., Glenda Farrell, William Collier Jr.",A small-time criminal moves to a big city to seek bigger fortune.,English,USA,Nominated for 1 Oscar. Another 1 win.,"[{'Source': 'Internet Movie Database', 'Value': '7.3/10'}, {'Source': 'Rotten Tomatoes', 'Value': '92%'}]",7.3,11839,tt0021079,N/A,First National Pictures
À Nous la Liberté,1931,Not Rated,Dec,97,"Comedy, Musical",René Clair,"Henri Marchand, Raymond Cordy, Rolla France, Paul Ollivier","Seeking better life, two convicts escape from prison.",French,France,Nominated for 1 Oscar. Another 3 wins.,"[{'Source': 'Internet Movie Database', 'Value': '7.5/10'}, {'Source': 'Rotten Tomatoes', 'Value': '100%'}]",7.5,3857,tt0022599,N/A,N/A
Limite,1931,Not Rated,Oct,114,"Drama, Romance",Mario Peixoto,"Olga Breno, Tatiana Rey, Raul Schnoor, Brutus Pedreira",Three people sail aimlessly while remembering their past.,"None, Portuguese",Brazil,N/A,"[{'Source': 'Internet Movie Database', 'Value': '7.3/10'}]",7.3,1818,tt0022080,N/A,N/A
M,1931,Passed,Aug,99,"Crime, Mystery, Thriller",Fritz Lang,"Peter Lorre, Ellen Widmann, Inge Landgut, Otto Wernicke","When the police in a German city are unable to catch a child-murderer, other criminals join in the manhunt.",German,Germany,2 wins.,"[{'Source': 'Internet Movie Database', 'Value': '8.3/10'}, {'Source': 'Rotten Tomatoes', 'Value': '100%'}]",8.3,140793,tt0022100,N/A,Nero-Film AG
Tabu: A Story of the South Seas,1931,Not Rated,Aug,86,"Drama, Romance, Adventure",F.W. Murnau,"Matahi, Anne Chevalier, Bill Bambridge, Hitu","On the South Pacific island of Bora Bora, a young couple's love is threatened when the tribal chief declares the girl a sacred virgin.",English,USA,Won 1 Oscar. Another 2 wins.,"[{'Source': 'Internet Movie Database', 'Value': '7.5/10'}, {'Source': 'Rotten Tomatoes', 'Value': '92%'}]",7.5,4919,tt0022458,N/A,"Paramount Pictures, Murnau-Flaherty Productions"
The Public Enemy,1931,Not Rated,May,83,"Crime, Drama",William A. Wellman,"James Cagney, Jean Harlow, Edward Woods, Joan Blondell","A young hoodlum rises up through the ranks of the Chicago underworld, even as a gangster's accidental death threatens to spark a bloody mob war.",English,USA,Nominated for 1 Oscar. Another 1 win.,"[{'Source': 'Internet Movie Database', 'Value': '7.7/10'}, {'Source': 'Rotten Tomatoes', 'Value': '100%'}]",7.7,17445,tt0022286,N/A,Warner Brothers
Boudu Saved from Drowning,1932,Not Rated,Feb,85,Comedy,Jean Renoir,"Michel Simon, Marcelle Hainia, Sévérine Lerczinska, Jean Gehret","A bookseller saves a tramp from drowning and shelters him, but the tramp's odd behavior starts to wear everyone down.",French,France,N/A,"[{'Source': 'Internet Movie Database', 'Value': '7.4/10'}, {'Source': 'Rotten Tomatoes', 'Value': '100%'}]",7.4,4847,tt0022718,N/A,Crédit Cinématographique Français
Freaks,1932,Not Rated,Feb,64,"Drama, Horror",Tod Browning,"Wallace Ford, Leila Hyams, Olga Baclanova, Roscoe Ates","A circus' beautiful trapeze artist agrees to marry the leader of side-show performers, but his deformed friends discover she is only marrying him for his inheritance.","English, German, French",USA,2 wins & 1 nomination.,"[{'Source': 'Internet Movie Database', 'Value': '7.9/10'}, {'Source': 'Rotten Tomatoes', 'Value': '95%'}, {'Source': 'Metacritic', 'Value': '80/100'}]",7.9,41740,tt0022913,N/A,Metro Goldwyn Mayer
I Am a Fugitive from a Chain Gang,1932,Passed,Nov,92,"Crime, Drama, Film-Noir",Mervyn LeRoy,"Paul Muni, Glenda Farrell, Helen Vinson, Noel Francis","Wrongly convicted James Allen serves in the intolerable conditions of a southern chain gang, which later comes back to haunt him.",English,USA,Nominated for 3 Oscars. Another 3 wins.,"[{'Source': 'Internet Movie Database', 'Value': '8.2/10'}, {'Source': 'Rotten Tomatoes', 'Value': '96%'}]",8.2,11490,tt0023042,N/A,"Warner Brothers, The Vitaphone Corporation"
Love Me Tonight,1932,Passed,Oct,104,"Comedy, Musical, Romance",Rouben Mamoulian,"Maurice Chevalier, Jeanette MacDonald, Charles Ruggles, Charles Butterworth","A Parisian tailor finds himself posing as a baron in order to collect a sizeable bill from an aristocrat, only to fall in love with an aloof young princess.",English,USA,1 win.,"[{'Source': 'Internet Movie Database', 'Value': '7.6/10'}, {'Source': 'Rotten Tomatoes', 'Value': '100%'}]",7.6,3483,tt0023158,N/A,Paramount Pictures
Scarface,1932,PG,Apr,93,"Action, Crime, Drama, Film-Noir, Thriller","Howard Hawks, Richard Rosson(co-director)","Paul Muni, Ann Dvorak, Karen Morley, Osgood Perkins","An ambitious and nearly insane violent gangster climbs the ladder of success in the mob, but his weaknesses prove to be his downfall.",English,USA,2 wins.,"[{'Source': 'Internet Movie Database', 'Value': '7.8/10'}, {'Source': 'Rotten Tomatoes', 'Value': '98%'}, {'Source': 'Metacritic', 'Value': '87/100'}]",7.8,24919,tt0023427,N/A,The Caddo Company
Shanghai Express,1932,Approved,Feb,82,"Adventure, Drama, Romance, Thriller",Josef von Sternberg,"Marlene Dietrich, Clive Brook, Anna May Wong, Warner Oland",A notorious woman rides a train through a dangerous situation with a British captain she loved.,"English, French, Cantonese, German",USA,Won 1 Oscar. Another 2 nominations.,"[{'Source': 'Internet Movie Database', 'Value': '7.3/10'}, {'Source': 'Rotten Tomatoes', 'Value': '94%'}, {'Source': 'Metacritic', 'Value': '83/100'}]",7.3,7366,tt0023458,N/A,Paramount Pictures
Vampyr,1932,Not Rated,Aug,75,"Fantasy, Horror",Carl Theodor Dreyer,"Julian West, Maurice Schutz, Rena Mandel, Sybille Schmitz",A drifter obsessed with the supernatural stumbles upon an inn where a severely ill adolescent girl is slowly becoming a vampire.,German,"Germany, France",N/A,"[{'Source': 'Internet Movie Database', 'Value': '7.5/10'}, {'Source': 'Rotten Tomatoes', 'Value': '97%'}]",7.5,15591,tt0023649,N/A,Tobis Filmkunst
Trouble in Paradise,1932,Not Rated,Oct,83,"Comedy, Crime, Romance",Ernst Lubitsch,"Miriam Hopkins, Kay Francis, Herbert Marshall, Charles Ruggles",A gentleman thief and a lady pickpocket join forces to con a beautiful perfume company owner. Romantic entanglements and jealousies confuse the scheme.,"English, Italian, Russian, Spanish, German",USA,2 wins.,"[{'Source': 'Internet Movie Database', 'Value': '8.0/10'}, {'Source': 'Rotten Tomatoes', 'Value': '92%'}]",8,12702,tt0023622,N/A,Paramount Publix Corporation
42nd Street,1933,Passed,Mar,89,"Comedy, Musical, Romance",Lloyd Bacon,"Warner Baxter, Bebe Daniels, George Brent, Ruby Keeler","A director puts on what may be his last Broadway show and, at the last moment, a naive newcomer has to replace the star.",English,USA,Nominated for 2 Oscars. Another 1 win.,"[{'Source': 'Internet Movie Database', 'Value': '7.4/10'}, {'Source': 'Rotten Tomatoes', 'Value': '96%'}, {'Source': 'Metacritic', 'Value': '83/100'}]",7.4,10489,tt0024034,N/A,Warner Brothers
The Bitter Tea of General Yen,1932,Approved,Jan,88,"Drama, Romance, War",Frank Capra,"Barbara Stanwyck, Nils Asther, Toshia Mori, Walter Connolly",A Chinese warlord and an engaged Christian missionary fall in love.,"English, Mandarin, French",USA,N/A,"[{'Source': 'Internet Movie Database', 'Value': '7.0/10'}, {'Source': 'Rotten Tomatoes', 'Value': '100%'}]",7,3413,tt0023814,N/A,Columbia Pictures Corporation
Duck Soup,1933,Not Rated,Nov,69,"Comedy, Musical, War",Leo McCarey,"The Marx Brothers, Groucho Marx, Harpo Marx, Chico Marx",Rufus T. Firefly is named president/dictator of bankrupt Freedonia and declares war on neighboring Sylvania over the love of wealthy Mrs. Teasdale.,English,USA,2 wins & 2 nominations.,"[{'Source': 'Internet Movie Database', 'Value': '7.8/10'}, {'Source': 'Rotten Tomatoes', 'Value': '92%'}, {'Source': 'Metacritic', 'Value': '93/100'}]",7.8,54890,tt0023969,N/A,Paramount Pictures
Footlight Parade,1933,Passed,Oct,104,"Comedy, Musical, Romance",Lloyd Bacon,"James Cagney, Joan Blondell, Ruby Keeler, Dick Powell","Chester Kent struggles against time, romance, and a rival's spy to produce spectacular live ""prologues"" for movie houses.","English, French",USA,1 win.,"[{'Source': 'Internet Movie Database', 'Value': '7.6/10'}, {'Source': 'Rotten Tomatoes', 'Value': '100%'}, {'Source': 'Metacritic', 'Value': '80/100'}]",7.6,4622,tt0024028,N/A,Warner Bros.
Gold Diggers of 1933,1933,Passed,May,97,"Comedy, Drama, Musical",Mervyn LeRoy,"Warren William, Joan Blondell, Aline MacMahon, Ruby Keeler",A wealthy composer rescues unemployed Broadway performers with a new play.,English,USA,Nominated for 1 Oscar. Another 1 win.,"[{'Source': 'Internet Movie Database', 'Value': '7.7/10'}, {'Source': 'Rotten Tomatoes', 'Value': '100%'}]",7.7,7120,tt0024069,N/A,Warner Bros.
King Kong,1933,Passed,Apr,100,"Adventure, Horror, Sci-Fi","Merian C. Cooper, Ernest B. Schoedsack","Fay Wray, Robert Armstrong, Bruce Cabot, Frank Reicher",A film crew goes to a tropical island for an exotic location shoot and discovers a colossal ape who takes a shine to their female blonde star. He is then captured and brought back to New York City for public exhibition.,English,USA,3 wins & 7 nominations.,"[{'Source': 'Internet Movie Database', 'Value': '7.9/10'}, {'Source': 'Rotten Tomatoes', 'Value': '98%'}, {'Source': 'Metacritic', 'Value': '90/100'}]",7.9,78101,tt0024216,N/A,RKO Radio Pictures Inc.
Las Hurdes,1933,N/A,Dec,30,"Documentary, Short",Luis Buñuel,"Abel Jacquin, Alexandre O'Neill","A surrealistic documentary portrait of the region of Las Hurdes, a remote region of Spain where civilisation has barely developed, showing how the local peasants try to survive without even the most basic utilities and skills.",French,Spain,N/A,"[{'Source': 'Internet Movie Database', 'Value': '7.4/10'}]",7.4,5176,tt0023037,N/A,N/A
Queen Christina,1933,Approved,Feb,99,"Biography, Drama, History, Romance",Rouben Mamoulian,"Greta Garbo, John Gilbert, Ian Keith, Lewis Stone","Queen Christina of Sweden is a popular monarch who is loyal to her country. However, when she falls in love with a Spanish envoy, she must choose between the throne and the man she loves.","English, Spanish",USA,1 win & 1 nomination.,"[{'Source': 'Internet Movie Database', 'Value': '7.6/10'}, {'Source': 'Rotten Tomatoes', 'Value': '90%'}]",7.6,6951,tt0024481,N/A,Metro-Goldwyn-Mayer
She Done Him Wrong,1933,Passed,Feb,66,"Comedy, Drama, History, Musical, Romance",Lowell Sherman,"Mae West, Cary Grant, Owen Moore, Gilbert Roland","In the Gay Nineties, a seductive nightclub singer contends with several suitors, including a jealous escaped convict and a handsome temperance league member.",English,USA,Nominated for 1 Oscar. Another 2 wins.,"[{'Source': 'Internet Movie Database', 'Value': '6.3/10'}, {'Source': 'Rotten Tomatoes', 'Value': '91%'}]",6.3,5304,tt0024548,N/A,Paramount Pictures
Sons of the Desert,1933,Passed,Dec,68,Comedy,William A. Seiter,"Stan Laurel, Oliver Hardy, Charley Chase, Mae Busch","When Stan and Ollie trick their wives into thinking that they are taking a medicinal cruise while they're actually going to a convention, the wives find out the truth the hard way.",English,USA,1 win.,"[{'Source': 'Internet Movie Database', 'Value': '7.6/10'}, {'Source': 'Rotten Tomatoes', 'Value': '100%'}]",7.6,7656,tt0024601,N/A,Hal Roach Studios Inc.
Zero for Conduct,1933,Not Rated,Jun,44,"Short, Comedy, Drama",Jean Vigo,"Jean Dasté, Robert le Flon, Du Verron, Delphin","In a repressive boarding school with rigid rules of behavior, four boys decide to rebel against the direction on a celebration day.",French,France,1 win.,"[{'Source': 'Internet Movie Database', 'Value': '7.3/10'}]",7.3,7674,tt0024803,N/A,N/A
L'Atalante,1934,Not Rated,Jun,89,"Comedy, Drama, Romance",Jean Vigo,"Dita Parlo, Jean Dasté, Gilles Margaritis, Louis Lefebvre",Newly married couple Juliette and a ship captain Jean struggle through marriage as they travel on the L'atalante along with the captain's first mate Le père Jules and a cabin boy.,"French, Russian",France,1 nomination.,"[{'Source': 'Internet Movie Database', 'Value': '7.8/10'}, {'Source': 'Rotten Tomatoes', 'Value': '100%'}]",7.8,14311,tt0024844,N/A,G.F.F.A (Gaumont-Franco Film-Aubert
The Black Cat,1934,Not Rated,May,65,"Adventure, Crime, Horror, Romance, Thriller",Edgar G. Ulmer,"Boris Karloff, Bela Lugosi, David Manners, Julie Bishop",American honeymooners in Hungary become trapped in the home of a Satan-worshiping priest when the bride is taken there for medical help following a road accident.,"English, Latin, Hungarian",USA,2 wins.,"[{'Source': 'Internet Movie Database', 'Value': '7.0/10'}, {'Source': 'Rotten Tomatoes', 'Value': '88%'}]",7,9359,tt0024894,N/A,Universal Pictures
The Goddess,1934,TV-PG,,85,Drama,Yonggang Wu,"Lingyu Ruan, Tian Jian, Zhizhi Zhang, Keng Li","Street walker by night, devoted mother by day, a woman fights to get her young son an education amid criminal and social injustice in China.",Chinese,China,N/A,"[{'Source': 'Internet Movie Database', 'Value': '7.8/10'}, {'Source': 'Rotten Tomatoes', 'Value': '100%'}]",7.8,1477,tt0195256,N/A,N/A
It Happened One Night,1934,Approved,Feb,105,"Comedy, Romance",Frank Capra,"Clark Gable, Claudette Colbert, Walter Connolly, Roscoe Karns",A spoiled heiress running away from her family is helped by a man who is actually a reporter in need of a story.,English,USA,Won 5 Oscars. Another 5 wins & 2 nominations.,"[{'Source': 'Internet Movie Database', 'Value': '8.1/10'}, {'Source': 'Rotten Tomatoes', 'Value': '98%'}, {'Source': 'Metacritic', 'Value': '87/100'}]",8.1,92419,tt0025316,N/A,Columbia Pictures Corporation
It's a Gift,1934,Passed,Nov,68,Comedy,Norman Z. McLeod,"W.C. Fields, Kathleen Howard, Jean Rouverol, Julian Madison","A henpecked New Jersey grocer makes plans to move to California to grow oranges, despite the resistance of his overbearing wife.",English,USA,1 win.,"[{'Source': 'Internet Movie Database', 'Value': '7.2/10'}, {'Source': 'Rotten Tomatoes', 'Value': '100%'}]",7.2,4668,tt0025318,N/A,Paramount Pictures
The Thin Man,1934,TV-PG,May,91,"Comedy, Crime, Mystery",W.S. Van Dyke,"William Powell, Myrna Loy, Maureen O'Sullivan, Nat Pendleton","Former detective Nick Charles and his wealthy wife Nora investigate a murder case, mostly for the fun of it.",English,USA,Nominated for 4 Oscars. Another 3 wins.,"[{'Source': 'Internet Movie Database', 'Value': '8.0/10'}, {'Source': 'Rotten Tomatoes', 'Value': '98%'}, {'Source': 'Metacritic', 'Value': '86/100'}]",8,26019,tt0025878,N/A,"Metro Goldwyn Mayer, Cosmopolitan Films"
The 39 Steps,1935,Not Rated,Aug,86,"Mystery, Thriller",Alfred Hitchcock,"Robert Donat, Madeleine Carroll, Lucie Mannheim, Godfrey Tearle","A man in London tries to help a counter-espionage Agent. But when the Agent is killed, and the man stands accused, he must go on the run to save himself and stop a spy ring which is trying to steal top secret information.",English,UK,1 win & 1 nomination.,"[{'Source': 'Internet Movie Database', 'Value': '7.6/10'}, {'Source': 'Rotten Tomatoes', 'Value': '96%'}, {'Source': 'Metacritic', 'Value': '93/100'}]",7.6,50839,tt0026029,N/A,Gaumont British Picture Corporation Ltd.
The Bride of Frankenstein,1935,Not Rated,May,75,"Drama, Horror, Sci-Fi",James Whale,"Boris Karloff, Colin Clive, Valerie Hobson, Ernest Thesiger","Mary Shelley reveals the main characters of her novel survived: Dr. Frankenstein, goaded by an even madder scientist, builds his monster a mate.",English,USA,Nominated for 1 Oscar. Another 3 wins & 2 nominations.,"[{'Source': 'Internet Movie Database', 'Value': '7.8/10'}, {'Source': 'Rotten Tomatoes', 'Value': '98%'}, {'Source': 'Metacritic', 'Value': '95/100'}]",7.8,43049,tt0026138,N/A,Universal Pictures
Captain Blood,1935,Passed,Dec,119,"Action, Adventure",Michael Curtiz,"Errol Flynn, Olivia de Havilland, Lionel Atwill, Basil Rathbone","After being wrongly convicted as a traitor, Peter Blood, an English physician, is sent to exile in the British colonies of the Caribbean, where he becomes a pirate.","English, French",USA,N/A,"[{'Source': 'Internet Movie Database', 'Value': '7.7/10'}, {'Source': 'Rotten Tomatoes', 'Value': '100%'}]",7.7,12791,tt0026174,N/A,Warner Brothers/Seven Arts
Mutiny on the Bounty,1935,Passed,Jan,132,"Adventure, Biography, Drama, History, Romance",Frank Lloyd,"Charles Laughton, Clark Gable, Franchot Tone, Herbert Mundin","First mate Fletcher Christian leads a revolt against his sadistic commander, Captain Bligh, in this classic seafaring adventure, based on the real-life 1788 mutiny.","English, Polynesian",USA,Won 1 Oscar. Another 2 wins & 7 nominations.,"[{'Source': 'Internet Movie Database', 'Value': '7.7/10'}, {'Source': 'Rotten Tomatoes', 'Value': '93%'}, {'Source': 'Metacritic', 'Value': '87/100'}]",7.7,20557,tt0026752,N/A,Metro-Goldwyn-Mayer
A Night at the Opera,1935,Passed,Nov,96,"Comedy, Music, Musical","Sam Wood, Edmund Goulding","Groucho Marx, Chico Marx, Harpo Marx, Kitty Carlisle",A sly business manager and two wacky friends of two opera singers help them achieve success while humiliating their stuffy and snobbish enemies.,"English, Italian",USA,1 win.,"[{'Source': 'Internet Movie Database', 'Value': '7.9/10'}, {'Source': 'Rotten Tomatoes', 'Value': '97%'}]",7.9,30124,tt0026778,N/A,Metro Goldwyn Mayer
Peter Ibbetson,1935,Not Rated,Nov,85,"Drama, Fantasy, Romance",Henry Hathaway,"Gary Cooper, Ann Harding, John Halliday, Ida Lupino","A Victorian-era architect, commissioned by the Duke of Towers to design his stables, falls in love with the Duchess.","English, French",USA,N/A,"[{'Source': 'Internet Movie Database', 'Value': '7.1/10'}, {'Source': 'Rotten Tomatoes', 'Value': '64%'}]",7.1,1714,tt0026866,N/A,N/A
Top Hat,1935,Not Rated,Sep,101,"Comedy, Musical, Romance",Mark Sandrich,"Fred Astaire, Ginger Rogers, Edward Everett Horton, Erik Rhodes","An American dancer comes to Britain and falls for a model whom he initially annoyed, but she mistakes him for his goofy producer.","English, Italian",USA,Nominated for 4 Oscars. Another 2 wins & 2 nominations.,"[{'Source': 'Internet Movie Database', 'Value': '7.7/10'}, {'Source': 'Rotten Tomatoes', 'Value': '100%'}, {'Source': 'Metacritic', 'Value': '92/100'}]",7.7,17068,tt0027125,N/A,RKO Radio Pictures Inc.
Triumph of the Will,1935,Not Rated,Mar,110,"Documentary, History, War",Leni Riefenstahl,"Adolf Hitler, Max Amann, Martin Bormann, Walter Buch","The infamous propaganda film of the 1934 Nazi Party rally in Nuremberg, Germany.",German,Germany,1 win & 1 nomination.,"[{'Source': 'Internet Movie Database', 'Value': '7.3/10'}, {'Source': 'Rotten Tomatoes', 'Value': '87%'}]",7.3,14660,tt0025913,N/A,N/A
Camille,1936,Passed,,109,"Drama, Romance",George Cukor,"Greta Garbo, Robert Taylor, Lionel Barrymore, Elizabeth Allan","A Parisian courtesan must choose between the young man who loves her and the callous baron who wants her, even as her own health begins to fail.","English, French, Latin",USA,Nominated for 1 Oscar. Another 3 wins.,"[{'Source': 'Internet Movie Database', 'Value': '7.4/10'}, {'Source': 'Rotten Tomatoes', 'Value': '93%'}]",7.4,7096,tt0028683,N/A,Metro-Goldwyn-Mayer
A Day in the Country,1946,Not Rated,Dec,40,"Short, Comedy, Drama, Romance",Jean Renoir,"Sylvia Bataille, Georges D'Arnoux, Jane Marken, André Gabriello","The family of a Parisian shop-owner spends a day in the country. The daughter falls in love with a man at the inn, where they spend the day.",French,France,1 win.,"[{'Source': 'Internet Movie Database', 'Value': '7.7/10'}]",7.7,5291,tt0028445,N/A,N/A
Dodsworth,1936,Passed,Sep,101,"Drama, Romance",William Wyler,"Walter Huston, Ruth Chatterton, Paul Lukas, Mary Astor",A retired auto manufacturer and his wife take a long-planned European vacation only to find that they want very different things from life.,"English, French, German, Italian",USA,Won 1 Oscar. Another 2 wins & 9 nominations.,"[{'Source': 'Internet Movie Database', 'Value': '7.8/10'}, {'Source': 'Rotten Tomatoes', 'Value': '90%'}]",7.8,7988,tt0027532,N/A,Samuel Goldwyn Company
Modern Times,1936,G,Feb,87,"Comedy, Drama, Family, Romance",Charles Chaplin,"Charles Chaplin, Paulette Goddard, Henry Bergman, Tiny Sandford",The Tramp struggles to live in modern industrial society with the help of a young homeless woman.,English,USA,4 wins & 1 nomination.,"[{'Source': 'Internet Movie Database', 'Value': '8.5/10'}, {'Source': 'Rotten Tomatoes', 'Value': '100%'}, {'Source': 'Metacritic', 'Value': '96/100'}]",8.5,213467,tt0027977,N/A,Charles Chaplin Productions
Mr. Deeds Goes to Town,1936,Not Rated,Apr,115,"Comedy, Drama, Romance",Frank Capra,"Gary Cooper, Jean Arthur, George Bancroft, Lionel Stander",A simple small-town man inherits a massive fortune and is immediately hounded by those who wish to take advantage of him.,English,USA,Won 1 Oscar. Another 4 wins & 7 nominations.,"[{'Source': 'Internet Movie Database', 'Value': '7.9/10'}, {'Source': 'Rotten Tomatoes', 'Value': '90%'}]",7.9,19460,tt0027996,N/A,Columbia Pictures Corporation
My Man Godfrey,1936,Not Rated,Sep,94,"Comedy, Drama, Romance",Gregory La Cava,"William Powell, Carole Lombard, Alice Brady, Gail Patrick",A scatterbrained socialite hires a vagrant as a family butler - but there's more to Godfrey than meets the eye.,"English, Russian",USA,Nominated for 6 Oscars. Another 1 win.,"[{'Source': 'Internet Movie Database', 'Value': '8.0/10'}, {'Source': 'Rotten Tomatoes', 'Value': '97%'}, {'Source': 'Metacritic', 'Value': '82/100'}]",8,20661,tt0028010,N/A,Universal Pictures
Swing Time,1936,Not Rated,Oct,103,"Comedy, Musical, Romance",George Stevens,"Fred Astaire, Ginger Rogers, Victor Moore, Helen Broderick","Roguish gambler/dancer ""Lucky"" Garnett is challenged by his fiance's father to come up with $25,000 to prove he's worthy of her hand. But after he falls in love with a dance instructor, Lucky'll do anything to keep from earning the bucks.","English, French",USA,Won 1 Oscar. Another 1 win & 3 nominations.,"[{'Source': 'Internet Movie Database', 'Value': '7.6/10'}, {'Source': 'Rotten Tomatoes', 'Value': '97%'}, {'Source': 'Metacritic', 'Value': '91/100'}]",7.6,12057,tt0028333,N/A,RKO Radio Pictures Inc.
The Story of a Cheat,1936,N/A,Sep,81,Comedy,Sacha Guitry,"Sacha Guitry, Adolphe Borchard, Marcel Lucien, Raymond Clunie","A charming scoundrel reflects on his exploits, from childhood through to manhood.",French,France,1 nomination.,"[{'Source': 'Internet Movie Database', 'Value': '7.6/10'}, {'Source': 'Rotten Tomatoes', 'Value': '90%'}]",7.6,1750,tt0028201,N/A,Cinéas
Things to Come,1936,Not Rated,Sep,100,"Drama, Sci-Fi, War",William Cameron Menzies,"Raymond Massey, Edward Chapman, Ralph Richardson, Margaretta Scott","The story of a century: a decades-long second World War leaves plague and anarchy, then a rational state rebuilds civilization and attempts space travel.",English,UK,N/A,"[{'Source': 'Internet Movie Database', 'Value': '6.7/10'}, {'Source': 'Rotten Tomatoes', 'Value': '93%'}]",6.7,6956,tt0028358,N/A,London Film Production
The Awful Truth,1937,Passed,Oct,90,"Comedy, Romance",Leo McCarey,"Irene Dunne, Cary Grant, Ralph Bellamy, Alexander D'Arcy","A married couple file an amicable divorce, but find it harder to let go of each other than they initially thought.","English, French, Italian",USA,Won 1 Oscar. Another 2 wins & 5 nominations.,"[{'Source': 'Internet Movie Database', 'Value': '7.7/10'}, {'Source': 'Rotten Tomatoes', 'Value': '93%'}, {'Source': 'Metacritic', 'Value': '87/100'}]",7.7,17239,tt0028597,N/A,Columbia Pictures Corporation
Captains Courageous,1937,G,Jun,117,"Adventure, Drama, Family",Victor Fleming,"Freddie Bartholomew, Spencer Tracy, Lionel Barrymore, Melvyn Douglas","A spoiled brat who falls overboard from a steamship gets picked up by a fishing boat, where he's made to earn his keep by joining the crew in their work.","English, Portuguese",USA,Won 1 Oscar. Another 2 wins & 6 nominations.,"[{'Source': 'Internet Movie Database', 'Value': '8.0/10'}, {'Source': 'Rotten Tomatoes', 'Value': '94%'}]",8,8589,tt0028691,N/A,Metro-Goldwyn-Mayer
La Grande Illusion,1937,Not Rated,Sep,113,"Drama, War",Jean Renoir,"Jean Gabin, Dita Parlo, Pierre Fresnay, Erich von Stroheim","During WWI, two French soldiers are captured and imprisoned in a German P.O.W. camp. Several escape attempts follow until they are eventually sent to a seemingly inescapable fortress.","French, German, English, Russian",France,Nominated for 1 Oscar. Another 6 wins & 1 nomination.,"[{'Source': 'Internet Movie Database', 'Value': '8.1/10'}, {'Source': 'Rotten Tomatoes', 'Value': '97%'}]",8.1,33360,tt0028950,N/A,R.A.C.
The Life of Emile Zola,1937,Passed,Oct,116,"Biography, Drama",William Dieterle,"Paul Muni, Gale Sondergaard, Joseph Schildkraut, Gloria Holden",The biopic of the famous French muckraking writer and his involvement in fighting the injustice of the Dreyfuss Affair.,English,USA,Won 3 Oscars. Another 5 wins & 7 nominations.,"[{'Source': 'Internet Movie Database', 'Value': '7.2/10'}, {'Source': 'Rotten Tomatoes', 'Value': '82%'}]",7.2,7033,tt0029146,N/A,Warner Brothers
Make Way for Tomorrow,1937,Passed,Jul,91,"Comedy, Drama, Romance",Leo McCarey,"Beulah Bondi, Victor Moore, Fay Bainter, Thomas Mitchell",An elderly couple are forced to separate when they lose their house and none of their five children will take both parents in.,English,USA,3 wins.,"[{'Source': 'Internet Movie Database', 'Value': '8.2/10'}, {'Source': 'Rotten Tomatoes', 'Value': '100%'}]",8.2,7009,tt0029192,N/A,Paramount
Song at Midnight,1937,Not Rated,,113,"Horror, Romance",Weibang Ma-Xu,"Menghe Gu, Ping Hu, Shan Jin, Chau-Shui Yee","China's first horror film, this is loosely based on The Phantom of the Opera. A disfigured musical genius roams a traditional Chinese opera house, punishing those who offend him.",Mandarin,China,N/A,"[{'Source': 'Internet Movie Database', 'Value': '6.3/10'}, {'Source': 'Rotten Tomatoes', 'Value': '57%'}]",6.3,626,tt0206442,N/A,N/A
Pépé le Moko,1937,Not Rated,Mar,94,"Crime, Drama, Romance",Julien Duvivier,"Jean Gabin, Gabriel Gabrio, Saturnin Fabre, Fernand Charpin","A wanted gangster is both king and prisoner of the Casbah. He is protected from arrest by his friends, but is torn by his desire for freedom outside. A visiting Parisian beauty may just tempt his fate.","French, Arabic",France,2 wins.,"[{'Source': 'Internet Movie Database', 'Value': '7.7/10'}, {'Source': 'Rotten Tomatoes', 'Value': '100%'}, {'Source': 'Metacritic', 'Value': '98/100'}]",7.7,5902,tt0029453,N/A,N/A
Snow White and the Seven Dwarfs,1937,Approved,Feb,83,"Animation, Family, Fantasy, Musical, Romance","William Cottrell, David Hand, Wilfred Jackson, Larry Morey, Perce Pearce, Ben Sharpsteen","Roy Atwell, Stuart Buchanan, Adriana Caselotti, Eddie Collins","Exiled into the dangerous forest by her wicked stepmother, a princess is rescued by seven dwarf miners who make her part of their household.",English,USA,Nominated for 1 Oscar. Another 11 wins & 5 nominations.,"[{'Source': 'Internet Movie Database', 'Value': '7.6/10'}, {'Source': 'Metacritic', 'Value': '95/100'}]",7.6,179215,tt0029583,N/A,N/A
Stella Dallas,1937,Approved,Aug,106,"Drama, Romance",King Vidor,"Barbara Stanwyck, John Boles, Anne Shirley, Barbara O'Neil",A working-class woman is willing to do whatever it takes to give her daughter a socially promising future.,English,USA,N/A,"[{'Source': 'Internet Movie Database', 'Value': '7.4/10'}, {'Source': 'Rotten Tomatoes', 'Value': '89%'}]",7.4,4413,tt0029608,N/A,Samuel Goldwyn Company
The Adventures of Robin Hood,1938,PG,May,102,"Action, Adventure, Romance","Michael Curtiz, William Keighley","Errol Flynn, Olivia de Havilland, Basil Rathbone, Claude Rains","When Prince John and the Norman Lords begin oppressing the Saxon masses in King Richard's absence, a Saxon lord fights back as the outlaw leader of a rebel guerrilla army.",English,USA,Won 3 Oscars. Another 3 wins & 2 nominations.,"[{'Source': 'Internet Movie Database', 'Value': '7.9/10'}, {'Source': 'Rotten Tomatoes', 'Value': '100%'}, {'Source': 'Metacritic', 'Value': '97/100'}]",7.9,46546,tt0029843,N/A,"Warner Brothers, First National Pictures"
Angels with Dirty Faces,1938,Passed,Nov,97,"Crime, Drama, Film-Noir, Thriller",Michael Curtiz,"James Cagney, Pat O'Brien, Humphrey Bogart, Ann Sheridan",A priest tries to stop a gangster from corrupting a group of street kids.,English,USA,Nominated for 3 Oscars. Another 2 wins.,"[{'Source': 'Internet Movie Database', 'Value': '7.9/10'}, {'Source': 'Rotten Tomatoes', 'Value': '100%'}]",7.9,19531,tt0029870,N/A,First National Pictures
The Baker's Wife,1938,Not Rated,Feb,133,"Comedy, Drama",Marcel Pagnol,"Raimu, Ginette Leclerc, Fernand Charpin, Robert Vattier","A small village rejoices at the arrival of a new baker. But when his young wife runs off with another man, he is unable to keep baking and the village is thrown into disarray.",French,France,3 wins.,"[{'Source': 'Internet Movie Database', 'Value': '7.5/10'}, {'Source': 'Rotten Tomatoes', 'Value': '100%'}]",7.5,1415,tt0030127,N/A,N/A
Bringing Up Baby,1938,Passed,Feb,102,"Comedy, Family, Romance",Howard Hawks,"Katharine Hepburn, Cary Grant, Charles Ruggles, Walter Catlett","While trying to secure a $1 million donation for his museum, a befuddled paleontologist is pursued by a flighty and often irritating heiress and her pet leopard, Baby.",English,USA,2 wins.,"[{'Source': 'Internet Movie Database', 'Value': '7.9/10'}, {'Source': 'Rotten Tomatoes', 'Value': '93%'}, {'Source': 'Metacritic', 'Value': '91/100'}]",7.9,54099,tt0029947,N/A,RKO Radio Pictures Inc.
Jezebel,1938,Approved,Mar,104,"Drama, Romance",William Wyler,"Bette Davis, Henry Fonda, George Brent, Margaret Lindsay","In 1850s Louisiana, a free-spirited Southern belle loses her fiancé due to her stubborn vanity and pride, and vows to win him back.","English, French",USA,Won 2 Oscars. Another 3 wins & 4 nominations.,"[{'Source': 'Internet Movie Database', 'Value': '7.5/10'}, {'Source': 'Rotten Tomatoes', 'Value': '95%'}]",7.5,11719,tt0030287,N/A,Warner Bros.
The Lady Vanishes,1938,Not Rated,Nov,96,"Mystery, Thriller",Alfred Hitchcock,"Margaret Lockwood, Michael Redgrave, Paul Lukas, May Whitty","While travelling in continental Europe, a rich young playgirl realizes that an elderly lady seems to have disappeared from the train.","English, German, French, Italian",UK,1 win & 1 nomination.,"[{'Source': 'Internet Movie Database', 'Value': '7.8/10'}, {'Source': 'Rotten Tomatoes', 'Value': '98%'}]",7.8,46746,tt0030341,N/A,Gainsborough Pictures
Olympia Part One: Festival of the Nations,1938,Not Rated,Mar,111,"Documentary, Sport",Leni Riefenstahl,"David Albritton, Arvo Askola, Jack Beresford, Erwin Blask",The document of the 1936 Olympics at Berlin.,"German, English, Italian, French, Japanese, Portuguese",Germany,2 wins.,"[{'Source': 'Internet Movie Database', 'Value': '7.8/10'}, {'Source': 'Rotten Tomatoes', 'Value': '88%'}]",7.8,4091,tt0030522,N/A,Tobis Filmkunst
Destry Rides Again,1939,Approved,Dec,95,"Comedy, Western",George Marshall,"Marlene Dietrich, James Stewart, Mischa Auer, Charles Winninger","Deputy sheriff Destry tames the town of Bottle Neck, including saloon singer Frenchy.","English, Russian",USA,1 win.,"[{'Source': 'Internet Movie Database', 'Value': '7.7/10'}, {'Source': 'Rotten Tomatoes', 'Value': '96%'}, {'Source': 'Metacritic', 'Value': '81/100'}]",7.7,9948,tt0031225,N/A,Universal Pictures
Gone with the Wind,1939,Passed,Jan,238,"Drama, History, Romance, War","Victor Fleming, George Cukor, Sam Wood","Thomas Mitchell, Barbara O'Neil, Vivien Leigh, Evelyn Keyes",A manipulative woman and a roguish man conduct a turbulent romance during the American Civil War and Reconstruction periods.,English,USA,Won 8 Oscars. Another 12 wins & 12 nominations.,"[{'Source': 'Internet Movie Database', 'Value': '8.1/10'}, {'Source': 'Rotten Tomatoes', 'Value': '91%'}, {'Source': 'Metacritic', 'Value': '97/100'}]",8.1,286287,tt0031381,N/A,Selznick International Pictures
Gunga Din,1939,Approved,Feb,117,"Adventure, Comedy, War",George Stevens,"Cary Grant, Victor McLaglen, Douglas Fairbanks Jr., Sam Jaffe","In 19th century India, three British soldiers and a native waterbearer must stop a secret mass revival of the murderous Thuggee cult before it can rampage across the land.",English,USA,Nominated for 1 Oscar. Another 1 win.,"[{'Source': 'Internet Movie Database', 'Value': '7.3/10'}, {'Source': 'Rotten Tomatoes', 'Value': '92%'}]",7.3,10814,tt0031398,N/A,RKO Radio Pictures Inc.
Le Jour Se Leve,1939,Not Rated,Jul,93,"Crime, Drama, Romance, Thriller",Marcel Carné,"Jean Gabin, Jules Berry, Arletty, Mady Berry","After committing a murder, a man locks himself in his apartment and recollects the events that led him to the killing.",French,France,2 nominations.,"[{'Source': 'Internet Movie Database', 'Value': '7.7/10'}, {'Source': 'Rotten Tomatoes', 'Value': '92%'}]",7.7,6282,tt0031514,N/A,"Silent Night GbR, Sigma"
Mr. Smith Goes to Washington,1939,Passed,Oct,129,"Comedy, Drama",Frank Capra,"Jean Arthur, James Stewart, Claude Rains, Edward Arnold","A naive man is appointed to fill a vacancy in the United States Senate. His plans promptly collide with political corruption, but he doesn't back down.",English,USA,Won 1 Oscar. Another 5 wins & 16 nominations.,"[{'Source': 'Internet Movie Database', 'Value': '8.1/10'}, {'Source': 'Rotten Tomatoes', 'Value': '85%'}, {'Source': 'Metacritic', 'Value': '73/100'}]",8.1,105593,tt0031679,N/A,N/A
Ninotchka,1939,Not Rated,Nov,110,"Comedy, Romance",Ernst Lubitsch,"Greta Garbo, Melvyn Douglas, Ina Claire, Bela Lugosi",A stern Russian woman sent to Paris on official business finds herself attracted to a man who represents everything she is supposed to detest.,"English, Russian",USA,Nominated for 4 Oscars. Another 5 wins & 4 nominations.,"[{'Source': 'Internet Movie Database', 'Value': '7.9/10'}, {'Source': 'Rotten Tomatoes', 'Value': '97%'}]",7.9,18702,tt0031725,N/A,"Metro Goldwyn Mayer, Loew&#39;s Inc."
Only Angels Have Wings,1939,Passed,May,121,"Adventure, Drama, Romance",Howard Hawks,"Cary Grant, Jean Arthur, Richard Barthelmess, Rita Hayworth","At a remote South American trading port, the manager of an air freight company is forced to risk his pilots' lives in order to win an important contract.","English, Spanish",USA,Nominated for 2 Oscars. Another 1 win & 2 nominations.,"[{'Source': 'Internet Movie Database', 'Value': '7.7/10'}, {'Source': 'Rotten Tomatoes', 'Value': '100%'}, {'Source': 'Metacritic', 'Value': '86/100'}]",7.7,12167,tt0031762,N/A,Columbia Pictures Corporation
The Rules of the Game,1939,Not Rated,Apr,110,"Comedy, Drama",Jean Renoir,"Nora Gregor, Paulette Dubost, Mila Parély, Odette Talazac","A bourgeois life in France at the onset of World War II, as the rich and their poor servants meet up at a French chateau.","French, German, English",France,4 wins & 2 nominations.,"[{'Source': 'Internet Movie Database', 'Value': '8.0/10'}, {'Source': 'Rotten Tomatoes', 'Value': '96%'}]",8,26399,tt0031885,N/A,Nouvelles Éditions de Films (NEF)
Stagecoach,1939,Passed,Mar,96,"Adventure, Drama, Western",John Ford,"Claire Trevor, John Wayne, Andy Devine, John Carradine",A group of people traveling on a stagecoach find their journey complicated by the threat of Geronimo and learn something about each other in the process.,"English, Spanish, French",USA,Won 2 Oscars. Another 6 wins & 7 nominations.,"[{'Source': 'Internet Movie Database', 'Value': '7.8/10'}, {'Source': 'Rotten Tomatoes', 'Value': '100%'}, {'Source': 'Metacritic', 'Value': '93/100'}]",7.8,42614,tt0031971,N/A,"Walter Wanger Productions, Inc."
The Story of the Last Chrysanthemum,1939,Not Rated,Jan,148,"Drama, Romance",Kenji Mizoguchi,"Shôtarô Hanayagi, Kôkichi Takada, Ryôtarô Kawanami, Kinnosuke Takamatsu","The adopted son of a legendary actor, and an aspiring star himself, turns to his infant brother's wet nurse for support and affection - only for her to give up everything for her beloved's glory.",Japanese,Japan,2 wins & 1 nomination.,"[{'Source': 'Internet Movie Database', 'Value': '7.9/10'}, {'Source': 'Rotten Tomatoes', 'Value': '94%'}]",7.9,3161,tt0032156,N/A,N/A
The Wizard of Oz,1939,PG,Aug,102,"Adventure, Family, Fantasy, Musical","Victor Fleming, George Cukor, Mervyn LeRoy, Norman Taurog, Richard Thorpe, King Vidor","Judy Garland, Frank Morgan, Ray Bolger, Bert Lahr",Dorothy Gale is swept away from a farm in Kansas to a magical land of Oz in a tornado and embarks on a quest with her new friends to see the Wizard who can help her return home to Kansas and help her friends as well.,English,USA,Won 2 Oscars. Another 9 wins & 17 nominations.,"[{'Source': 'Internet Movie Database', 'Value': '8.0/10'}, {'Source': 'Rotten Tomatoes', 'Value': '98%'}, {'Source': 'Metacritic', 'Value': '92/100'}]",8,368514,tt0032138,N/A,Metro Goldwyn Mayer
Wuthering Heights,1939,Not Rated,Apr,104,"Drama, Romance",William Wyler,"Merle Oberon, Laurence Olivier, David Niven, Flora Robson",A servant in the house of Wuthering Heights tells a traveler the unfortunate tale of lovers Cathy and Heathcliff.,English,USA,Won 1 Oscar. Another 6 wins & 8 nominations.,"[{'Source': 'Internet Movie Database', 'Value': '7.6/10'}, {'Source': 'Rotten Tomatoes', 'Value': '96%'}]",7.6,16104,tt0032145,N/A,"Samuel Goldwyn Production, United Artists"
The Bank Dick,1940,Not Rated,Nov,72,Comedy,Edward F. Cline,"W.C. Fields, Cora Witherspoon, Una Merkel, Evelyn Del Rio",Henpecked Egbert Sousé has comic adventures as a substitute film director and unlikely bank guard.,English,USA,1 win.,"[{'Source': 'Internet Movie Database', 'Value': '7.1/10'}, {'Source': 'Rotten Tomatoes', 'Value': '100%'}]",7.1,6630,tt0032234,N/A,Universal Pictures
Fantasia,1940,G,Sep,125,"Animation, Family, Fantasy, Music, Musical","James Algar, Samuel Armstrong, Ford Beebe Jr., Norman Ferguson, David Hand, Jim Handley, T. Hee, Wilfred Jackson, Hamilton Luske, Bill Roberts, Paul Satterfield, Ben Sharpsteen","Deems Taylor, Leopold Stokowski, The Philadelphia Orchestra",A collection of animated interpretations of great works of Western classical music.,English,USA,8 wins & 1 nomination.,"[{'Source': 'Internet Movie Database', 'Value': '7.7/10'}, {'Source': 'Rotten Tomatoes', 'Value': '95%'}, {'Source': 'Metacritic', 'Value': '96/100'}]",7.7,87609,tt0032455,N/A,Walt Disney Productions
The Grapes of Wrath,1940,Passed,Mar,129,"Drama, History",John Ford,"Henry Fonda, Jane Darwell, John Carradine, Charley Grapewin","A poor Midwest family is forced off their land. They travel to California, suffering the misfortunes of the homeless in the Great Depression.",English,USA,Won 2 Oscars. Another 8 wins & 5 nominations.,"[{'Source': 'Internet Movie Database', 'Value': '8.0/10'}, {'Source': 'Rotten Tomatoes', 'Value': '100%'}, {'Source': 'Metacritic', 'Value': '96/100'}]",8,84924,tt0032551,N/A,20th Century Fox
His Girl Friday,1940,Passed,Jan,92,"Comedy, Drama, Romance",Howard Hawks,"Cary Grant, Rosalind Russell, Ralph Bellamy, Gene Lockhart",A newspaper editor uses every trick in the book to keep his ace reporter ex-wife from remarrying.,"English, French",USA,2 wins.,"[{'Source': 'Internet Movie Database', 'Value': '7.9/10'}, {'Source': 'Rotten Tomatoes', 'Value': '98%'}]",7.9,52862,tt0032599,N/A,Columbia Pictures
The Mortal Storm,1940,Passed,Jun,100,Drama,Frank Borzage,"Margaret Sullavan, James Stewart, Robert Young, Frank Morgan","The Roth family leads a quiet life in a small village in the German Alps during the early 1930s. When the Nazis come to power, the family is divided and Martin Breitner, a family friend, is caught up in the turmoil.",English,USA,N/A,"[{'Source': 'Internet Movie Database', 'Value': '7.8/10'}, {'Source': 'Rotten Tomatoes', 'Value': '100%'}]",7.8,4478,tt0032811,N/A,Metro-Goldwyn-Mayer
The Philadelphia Story,1940,Not Rated,Jan,112,"Comedy, Romance",George Cukor,"Cary Grant, Katharine Hepburn, James Stewart, Ruth Hussey","When a rich woman's ex-husband and a tabloid-type reporter turn up just before her planned remarriage, she begins to learn the truth about herself.","English, French",USA,Won 2 Oscars. Another 3 wins & 5 nominations.,"[{'Source': 'Internet Movie Database', 'Value': '7.9/10'}, {'Source': 'Rotten Tomatoes', 'Value': '93%'}, {'Source': 'Metacritic', 'Value': '96/100'}]",7.9,62576,tt0032904,N/A,Metro Goldwyn Mayer
Pinocchio,1940,G,Feb,88,"Animation, Comedy, Family, Fantasy, Musical","Norman Ferguson, T. Hee, Wilfred Jackson, Jack Kinney, Hamilton Luske, Bill Roberts, Ben Sharpsteen","Mel Blanc, Don Brodie, Stuart Buchanan, Walter Catlett","A living puppet, with the help of a cricket as his conscience, must prove himself worthy to become a real boy.",English,USA,Won 2 Oscars. Another 4 wins.,"[{'Source': 'Internet Movie Database', 'Value': '7.4/10'}, {'Source': 'Rotten Tomatoes', 'Value': '100%'}, {'Source': 'Metacritic', 'Value': '99/100'}]",7.4,129351,tt0032910,N/A,Walt Disney Productions
Rebecca,1940,Approved,Apr,130,"Drama, Mystery, Romance, Thriller",Alfred Hitchcock,"Laurence Olivier, Joan Fontaine, George Sanders, Judith Anderson",A self-conscious woman juggles adjusting to her new role as an aristocrat's wife and avoiding being intimidated by his first wife's spectral presence.,"English, French",USA,Won 2 Oscars. Another 5 wins & 10 nominations.,"[{'Source': 'Internet Movie Database', 'Value': '8.1/10'}, {'Source': 'Rotten Tomatoes', 'Value': '100%'}, {'Source': 'Metacritic', 'Value': '86/100'}]",8.1,121918,tt0032976,N/A,Selznick International Pictures
Citizen Kane,1941,PG,Sep,119,"Drama, Mystery",Orson Welles,"Joseph Cotten, Dorothy Comingore, Agnes Moorehead, Ruth Warrick","Following the death of publishing tycoon Charles Foster Kane, reporters scramble to uncover the meaning of his final utterance; 'Rosebud'.","English, Italian",USA,Won 1 Oscar. Another 9 wins & 13 nominations.,"[{'Source': 'Internet Movie Database', 'Value': '8.3/10'}, {'Source': 'Rotten Tomatoes', 'Value': '100%'}, {'Source': 'Metacritic', 'Value': '100/100'}]",8.3,393158,tt0033467,N/A,"Mercury Productions, RKO Radio Pictures Inc."
Dumbo,1941,G,Oct,64,"Animation, Drama, Family, Musical","Samuel Armstrong, Norman Ferguson, Wilfred Jackson, Jack Kinney, Bill Roberts, Ben Sharpsteen, John Elliotte","Herman Bing, Billy Bletcher, Edward Brophy, Hall Johnson Choir","Ridiculed because of his enormous ears, a young circus elephant is assisted by a mouse to achieve his full potential.",English,USA,Won 1 Oscar. Another 4 wins & 1 nomination.,"[{'Source': 'Internet Movie Database', 'Value': '7.2/10'}, {'Source': 'Rotten Tomatoes', 'Value': '98%'}, {'Source': 'Metacritic', 'Value': '96/100'}]",7.2,117544,tt0033563,N/A,Walt Disney Productions
High Sierra,1941,Passed,Jan,100,"Action, Adventure, Crime, Drama, Film-Noir, Thriller",Raoul Walsh,"Ida Lupino, Humphrey Bogart, Alan Curtis, Arthur Kennedy","After being released from prison, notorious thief Roy Earle is hired by his old boss to help a group of inexperienced criminals plan and carry out the robbery of a California resort.",English,USA,3 wins.,"[{'Source': 'Internet Movie Database', 'Value': '7.5/10'}, {'Source': 'Rotten Tomatoes', 'Value': '90%'}]",7.5,14841,tt0033717,N/A,Warner Brothers
How Green Was My Valley,1941,Not Rated,Apr,118,"Drama, Family",John Ford,"Walter Pidgeon, Maureen O'Hara, Anna Lee, Donald Crisp","At the turn of the century in a Welsh mining village, the Morgans, he stern, she gentle, raise coal-mining sons and hope their youngest will find a better life.","English, Welsh",USA,Won 5 Oscars. Another 8 wins & 6 nominations.,"[{'Source': 'Internet Movie Database', 'Value': '7.7/10'}, {'Source': 'Rotten Tomatoes', 'Value': '89%'}]",7.7,20939,tt0033729,N/A,Twentieth Century Fox
The Lady Eve,1941,Passed,Mar,94,"Comedy, Romance",Preston Sturges,"Barbara Stanwyck, Henry Fonda, Charles Coburn, Eugene Pallette","A trio of classy card sharks targets the socially awkward heir to brewery millions for his money, until one of them falls in love with him.",English,USA,Nominated for 1 Oscar. Another 2 wins.,"[{'Source': 'Internet Movie Database', 'Value': '7.8/10'}, {'Source': 'Rotten Tomatoes', 'Value': '100%'}, {'Source': 'Metacritic', 'Value': '96/100'}]",7.8,18740,tt0033804,N/A,Paramount Pictures
The Maltese Falcon,1941,Not Rated,Oct,100,"Film-Noir, Mystery",John Huston,"Humphrey Bogart, Mary Astor, Gladys George, Peter Lorre","A private detective takes on a case that involves him with three eccentric criminals, a gorgeous liar, and their quest for a priceless statuette.",English,USA,Nominated for 3 Oscars. Another 4 wins.,"[{'Source': 'Internet Movie Database', 'Value': '8.0/10'}, {'Source': 'Rotten Tomatoes', 'Value': '100%'}, {'Source': 'Metacritic', 'Value': '96/100'}]",8,147210,tt0033870,N/A,"Warner Brothers, First National Pictures"
Sergeant York,1941,Passed,Sep,134,"Biography, Drama, History, Romance, War",Howard Hawks,"Gary Cooper, Walter Brennan, Joan Leslie, George Tobias",A marksman is drafted in World War I and ends up becoming one of the most celebrated war heroes.,"English, French, German",USA,Won 2 Oscars. Another 3 wins & 10 nominations.,"[{'Source': 'Internet Movie Database', 'Value': '7.7/10'}, {'Source': 'Rotten Tomatoes', 'Value': '88%'}]",7.7,15241,tt0034167,N/A,Warner Brothers
Sullivan's Travels,1941,Not Rated,Feb,90,"Adventure, Comedy, Drama, Romance",Preston Sturges,"Joel McCrea, Veronica Lake, Robert Warwick, William Demarest","A Hollywood director, John L Sullivan, sets out to experience life as a poor, homeless person in order to gain relevant life experience for his next movie.",English,USA,2 wins.,"[{'Source': 'Internet Movie Database', 'Value': '7.9/10'}, {'Source': 'Rotten Tomatoes', 'Value': '100%'}]",7.9,23696,tt0034240,N/A,Paramount Pictures
The Wolf Man,1941,Not Rated,Dec,70,Horror,George Waggner,"Lon Chaney Jr., Claude Rains, Warren William, Ralph Bellamy","Larry Talbot returns to his father's castle in Wales and meets a beautiful woman. One fateful night, Talbot escorts her to a local carnival where they meet a mysterious gypsy fortune teller.",English,USA,1 win & 3 nominations.,"[{'Source': 'Internet Movie Database', 'Value': '7.3/10'}, {'Source': 'Rotten Tomatoes', 'Value': '90%'}, {'Source': 'Metacritic', 'Value': '72/100'}]",7.3,23720,tt0034398,N/A,Universal Pictures
Casablanca,1942,PG,Jan,102,"Drama, Romance, War",Michael Curtiz,"Humphrey Bogart, Ingrid Bergman, Paul Henreid, Claude Rains",A cynical American expatriate struggles to decide whether or not he should help his former lover and her fugitive husband escape French Morocco.,"English, French, German, Italian",USA,Won 3 Oscars. Another 5 wins & 9 nominations.,"[{'Source': 'Internet Movie Database', 'Value': '8.5/10'}, {'Source': 'Rotten Tomatoes', 'Value': '99%'}, {'Source': 'Metacritic', 'Value': '100/100'}]",8.5,515660,tt0034583,N/A,Warner Brothers
Cat People,1942,Not Rated,Dec,73,"Fantasy, Horror, Thriller",Jacques Tourneur,"Simone Simon, Kent Smith, Tom Conway, Jane Randolph",An American man marries a Serbian immigrant who fears that she will turn into the cat person of her homeland's fables if they are intimate together.,"English, Czech, Serbian",USA,1 win & 3 nominations.,"[{'Source': 'Internet Movie Database', 'Value': '7.3/10'}, {'Source': 'Rotten Tomatoes', 'Value': '95%'}]",7.3,19401,tt0034587,N/A,RKO Radio Pictures Inc.
The Magnificent Ambersons,1942,Not Rated,Jul,88,"Drama, Romance","Orson Welles, Fred Fleck, Robert Wise","Joseph Cotten, Dolores Costello, Anne Baxter, Tim Holt",The spoiled young heir to the decaying Amberson fortune comes between his widowed mother and the man she has always loved.,English,USA,Nominated for 4 Oscars. Another 4 wins.,"[{'Source': 'Internet Movie Database', 'Value': '7.7/10'}, {'Source': 'Rotten Tomatoes', 'Value': '89%'}, {'Source': 'Metacritic', 'Value': '93/100'}]",7.7,22318,tt0035015,N/A,"Mercury Productions, RKO Radio Pictures Inc."
Mrs. Miniver,1942,Not Rated,Dec,134,"Drama, Romance, War",William Wyler,"Greer Garson, Walter Pidgeon, Teresa Wright, May Whitty",A British family struggles to survive the first months of World War II.,"English, German",USA,Won 6 Oscars. Another 4 wins & 7 nominations.,"[{'Source': 'Internet Movie Database', 'Value': '7.6/10'}, {'Source': 'Rotten Tomatoes', 'Value': '93%'}]",7.6,15698,tt0035093,N/A,Metro Goldwyn Mayer
"Now, Voyager",1942,Passed,Oct,117,"Drama, Romance",Irving Rapper,"Bette Davis, Paul Henreid, Claude Rains, Gladys Cooper","A frumpy spinster blossoms under therapy and becomes an elegant, independent woman.","English, Portuguese",USA,Won 1 Oscar. Another 1 win & 2 nominations.,"[{'Source': 'Internet Movie Database', 'Value': '7.9/10'}, {'Source': 'Rotten Tomatoes', 'Value': '93%'}, {'Source': 'Metacritic', 'Value': '70/100'}]",7.9,14898,tt0035140,N/A,Warner Brothers
The Palm Beach Story,1942,Passed,Jan,88,"Comedy, Romance",Preston Sturges,"Claudette Colbert, Joel McCrea, Mary Astor, Rudy Vallee","An inventor needs cash to develop his big idea. His wife, who loves him, decides to raise it for him by divorcing him and marrying a millionaire.",English,USA,1 win.,"[{'Source': 'Internet Movie Database', 'Value': '7.5/10'}, {'Source': 'Rotten Tomatoes', 'Value': '97%'}]",7.5,10674,tt0035169,N/A,Paramount Pictures
To Be or Not to Be,1942,Passed,Mar,99,"Comedy, War",Ernst Lubitsch,"Carole Lombard, Jack Benny, Robert Stack, Felix Bressart","During the Nazi occupation of Poland, an acting troupe becomes embroiled in a Polish soldier's efforts to track down a German spy.","English, German",USA,Nominated for 1 Oscar. Another 2 wins & 1 nomination.,"[{'Source': 'Internet Movie Database', 'Value': '8.2/10'}, {'Source': 'Rotten Tomatoes', 'Value': '98%'}, {'Source': 'Metacritic', 'Value': '86/100'}]",8.2,28639,tt0035446,N/A,Ernst Lubitsch-Film
Yankee Doodle Dandy,1942,Passed,Jun,126,"Biography, Drama, Musical",Michael Curtiz,"James Cagney, Joan Leslie, Walter Huston, Richard Whorf","The life of the renowned musical composer, playwright, actor, dancer, and singer George M. Cohan.",English,USA,Won 3 Oscars. Another 3 wins & 6 nominations.,"[{'Source': 'Internet Movie Database', 'Value': '7.7/10'}, {'Source': 'Rotten Tomatoes', 'Value': '90%'}, {'Source': 'Metacritic', 'Value': '89/100'}]",7.7,13865,tt0035575,N/A,Warner Brothers
Fires Were Started,1943,N/A,Apr,63,"Drama, War",Humphrey Jennings,"Philip Dickson, George Gravett, Fred Griffiths, Johnny Houghton",A tale of firefighters in London during the Blitz.,English,UK,N/A,"[{'Source': 'Internet Movie Database', 'Value': '6.5/10'}, {'Source': 'Rotten Tomatoes', 'Value': '44%'}]",6.5,896,tt0035881,N/A,N/A
The Life and Death of Colonel Blimp,1943,Not Rated,May,163,"Drama, Romance, War","Michael Powell, Emeric Pressburger","James McKechnie, Neville Mapp, Vincent Holman, Roger Livesey","From the Boer War through World War II, a soldier rises through the ranks in the British military.","English, French, German",UK,1 win & 2 nominations.,"[{'Source': 'Internet Movie Database', 'Value': '8.1/10'}, {'Source': 'Rotten Tomatoes', 'Value': '96%'}]",8.1,12977,tt0036112,N/A,"Independent Producers, The Archers"
The Man in Grey,1943,Approved,Mar,90,"Drama, History, Romance",Leslie Arliss,"Margaret Lockwood, Phyllis Calvert, James Mason, Stewart Granger","After a brutish, hedonistic Marquis marries a pretty young Clarissa to act as a 'brood sow,' he begins an affair with her friend who plots to take her place.",English,UK,N/A,"[{'Source': 'Internet Movie Database', 'Value': '6.6/10'}, {'Source': 'Rotten Tomatoes', 'Value': '62%'}]",6.6,920,tt0036135,N/A,N/A
Meshes of the Afternoon,1943,Not Rated,,14,"Short, Fantasy, Mystery","Maya Deren, Alexander Hammid","Maya Deren, Alexander Hammid","A woman returning home falls asleep and has vivid dreams that may or may not be happening in reality. Through repetitive images and complete mismatching of the objective view of time and space, her dark inner desires play out on-screen.",None,USA,1 win.,"[{'Source': 'Internet Movie Database', 'Value': '7.9/10'}]",7.9,10860,tt0036154,N/A,N/A
Obsession,1943,TV-14,May,140,"Crime, Drama, Romance",Luchino Visconti,"Clara Calamai, Massimo Girotti, Dhia Cristiani, Elio Marcuzzo","Gino, a drifter, begins an affair with inn-owner Giovanna as they plan to get rid of her older husband.",Italian,Italy,1 win.,"[{'Source': 'Internet Movie Database', 'Value': '7.6/10'}, {'Source': 'Rotten Tomatoes', 'Value': '100%'}]",7.6,6768,tt0035160,N/A,Industrie Cinematografiche Italiane (ICI)
The Ox-Bow Incident,1942,Not Rated,May,75,"Drama, Western",William A. Wellman,"Henry Fonda, Dana Andrews, Mary Beth Hughes, Anthony Quinn","When a posse captures three men suspected of killing a local farmer, they become strongly divided over whether or not to lynch the men.","English, Spanish",USA,Nominated for 1 Oscar. Another 5 wins & 1 nomination.,"[{'Source': 'Internet Movie Database', 'Value': '8.0/10'}, {'Source': 'Rotten Tomatoes', 'Value': '91%'}]",8,20627,tt0036244,N/A,Twentieth Century Fox
The Seventh Victim,1943,Approved,Aug,71,"Drama, Horror, Mystery",Mark Robson,"Tom Conway, Jean Brooks, Isabel Jewell, Kim Hunter","A woman in search of her missing sister uncovers a Satanic cult in New York's Greenwich Village, and finds that they may have something to do with her sibling's random disappearance.","English, Italian, Latin, French",USA,3 nominations.,"[{'Source': 'Internet Movie Database', 'Value': '6.8/10'}, {'Source': 'Rotten Tomatoes', 'Value': '93%'}]",6.8,5797,tt0036341,N/A,RKO Radio Pictures Inc.
Shadow of a Doubt,1943,PG,Jan,108,Thriller,Alfred Hitchcock,"Teresa Wright, Joseph Cotten, Macdonald Carey, Henry Travers","A young girl, overjoyed when her favorite uncle comes to visit the family, slowly begins to suspect that he is in fact the ""Merry Widow"" killer sought by the authorities.",English,USA,Nominated for 1 Oscar. Another 2 wins & 2 nominations.,"[{'Source': 'Internet Movie Database', 'Value': '7.8/10'}, {'Source': 'Rotten Tomatoes', 'Value': '100%'}, {'Source': 'Metacritic', 'Value': '94/100'}]",7.8,58428,tt0036342,N/A,Universal Pictures
Double Indemnity,1944,Passed,Jul,107,"Crime, Drama, Film-Noir, Mystery, Thriller",Billy Wilder,"Fred MacMurray, Barbara Stanwyck, Edward G. Robinson, Porter Hall",An insurance representative lets himself be talked by a seductive housewife into a murder/insurance fraud scheme that arouses the suspicion of an insurance investigator.,English,USA,Nominated for 7 Oscars. Another 2 wins & 2 nominations.,"[{'Source': 'Internet Movie Database', 'Value': '8.3/10'}, {'Source': 'Rotten Tomatoes', 'Value': '97%'}, {'Source': 'Metacritic', 'Value': '95/100'}]",8.3,141588,tt0036775,N/A,Paramount Pictures
Gaslight,1944,Not Rated,Oct,114,"Crime, Drama, Mystery, Thriller",George Cukor,"Charles Boyer, Ingrid Bergman, Joseph Cotten, May Whitty","Years after her aunt was murdered in her home, a young woman moves back into the house with her new husband. However, he has a secret that he will do anything to protect, even if it means driving his wife insane.","English, Italian",USA,Won 2 Oscars. Another 4 wins & 7 nominations.,"[{'Source': 'Internet Movie Database', 'Value': '7.8/10'}, {'Source': 'Rotten Tomatoes', 'Value': '88%'}]",7.8,23765,tt0036855,N/A,Metro Goldwyn Mayer
Henry V,1944,Not Rated,Oct,137,"Biography, Drama, History, War",Laurence Olivier,"Leslie Banks, Felix Aylmer, Robert Helpmann, Vernon Greeves","In the midst of the Hundred Years' War, the young King Henry V of England embarks on the conquest of France in 1415.","English, French",UK,Nominated for 4 Oscars. Another 8 wins & 2 nominations.,"[{'Source': 'Internet Movie Database', 'Value': '7.1/10'}, {'Source': 'Rotten Tomatoes', 'Value': '100%'}]",7.1,5670,tt0036910,N/A,Two Cities Films Ltd.
"Ivan the Terrible, Part I",1944,Not Rated,Mar,95,"Biography, Drama, History",Sergei M. Eisenstein,"Nikolay Cherkasov, Lyudmila Tselikovskaya, Serafima Birman, Mikhail Nazvanov","During the early part of his reign, Ivan the Terrible faces betrayal from the aristocracy and even his closest friends as he seeks to unite the Russian people.",Russian,Soviet Union,2 wins & 1 nomination.,"[{'Source': 'Internet Movie Database', 'Value': '7.8/10'}, {'Source': 'Rotten Tomatoes', 'Value': '100%'}]",7.8,8882,tt0037824,N/A,N/A
Laura,1944,Passed,Nov,88,"Drama, Film-Noir, Mystery",Otto Preminger,"Gene Tierney, Dana Andrews, Clifton Webb, Vincent Price",A police detective falls in love with the woman whose murder he is investigating.,English,USA,Won 1 Oscar. Another 2 wins & 4 nominations.,"[{'Source': 'Internet Movie Database', 'Value': '8.0/10'}, {'Source': 'Rotten Tomatoes', 'Value': '100%'}]",8,42038,tt0037008,N/A,Twentieth Century Fox
Meet Me in St. Louis,1944,Passed,Jan,113,"Comedy, Drama, Family, Music, Romance",Vincente Minnelli,"Judy Garland, Margaret O'Brien, Mary Astor, Lucille Bremer","In the year leading up to the 1904 St. Louis World's Fair, the four Smith daughters learn lessons of life and love, even as they prepare for a reluctant move to New York.",English,USA,Nominated for 4 Oscars. Another 6 wins & 1 nomination.,"[{'Source': 'Internet Movie Database', 'Value': '7.6/10'}, {'Source': 'Rotten Tomatoes', 'Value': '100%'}]",7.6,19887,tt0037059,N/A,Metro Goldwyn Mayer
"Murder, My Sweet",1944,Approved,Feb,95,"Crime, Drama, Film-Noir, Mystery, Thriller",Edward Dmytryk,"Dick Powell, Claire Trevor, Anne Shirley, Otto Kruger","After being hired to find an ex-con's former girlfriend, Philip Marlowe is drawn into a deeply complex web of mystery and deceit.",English,USA,1 win.,"[{'Source': 'Internet Movie Database', 'Value': '7.6/10'}, {'Source': 'Rotten Tomatoes', 'Value': '94%'}]",7.6,11886,tt0037101,N/A,RKO Radio Pictures Inc.
To Have and Have Not,1944,Passed,Jan,100,"Adventure, Comedy, Film-Noir, Romance, Thriller, War",Howard Hawks,"Humphrey Bogart, Walter Brennan, Lauren Bacall, Dolores Moran","During World War II, American expatriate Harry Morgan helps transport a French Resistance leader and his beautiful wife to Martinique while romancing a sensuous lounge singer.","English, French",USA,1 win.,"[{'Source': 'Internet Movie Database', 'Value': '7.8/10'}, {'Source': 'Rotten Tomatoes', 'Value': '97%'}]",7.8,30549,tt0037382,N/A,Warner Brothers
San Pietro,1945,Unrated,May,32,"Documentary, Short, War",John Huston,"Mark W. Clark, John Huston",Director John Huston documents the Battle of San Pietro Infine in December 1943.,English,USA,1 win.,"[{'Source': 'Internet Movie Database', 'Value': '6.6/10'}]",6.6,1918,tt0036630,N/A,N/A
Brief Encounter,1945,Not Rated,Aug,86,"Drama, Romance",David Lean,"Celia Johnson, Trevor Howard, Stanley Holloway, Joyce Carey","Meeting a stranger in a railway station, a woman is tempted to cheat on her husband.","English, French",UK,Nominated for 3 Oscars. Another 3 wins.,"[{'Source': 'Internet Movie Database', 'Value': '8.0/10'}, {'Source': 'Rotten Tomatoes', 'Value': '91%'}, {'Source': 'Metacritic', 'Value': '92/100'}]",8,34884,tt0037558,N/A,"G.C.F., The Rank Organization [gb], Cineguild"
Children of Paradise,1945,Not Rated,Nov,189,"Drama, Romance",Marcel Carné,"Arletty, Jean-Louis Barrault, Pierre Brasseur, Pierre Renoir",The theatrical life of a beautiful courtesan and the four men who love her.,French,France,Nominated for 1 Oscar. Another 2 wins.,"[{'Source': 'Internet Movie Database', 'Value': '8.4/10'}, {'Source': 'Rotten Tomatoes', 'Value': '98%'}, {'Source': 'Metacritic', 'Value': '96/100'}]",8.4,17914,tt0037674,N/A,Pathé Cinéma
Detour,1945,Passed,Jan,68,"Crime, Drama, Film-Noir",Edgar G. Ulmer,"Tom Neal, Ann Savage, Claudia Drake, Edmund MacDonald",Chance events trap hitch-hiker Al Roberts in a tightening net of film noir trouble.,English,USA,1 win.,"[{'Source': 'Internet Movie Database', 'Value': '7.4/10'}, {'Source': 'Rotten Tomatoes', 'Value': '100%'}]",7.4,14644,tt0037638,N/A,Producers Releasing Corporation (PRC)
I Know Where I'm Going!,1945,Not Rated,Aug,91,"Drama, Romance","Michael Powell, Emeric Pressburger","George Carney, Wendy Hiller, Walter Hudd, Duncan MacKechnie","A young Englishwoman goes to the Hebrides to marry her older, wealthier fiancé. When the weather keeps them separated on different islands, she begins to have second thoughts.","English, Scottish Gaelic",UK,N/A,"[{'Source': 'Internet Movie Database', 'Value': '7.5/10'}, {'Source': 'Rotten Tomatoes', 'Value': '100%'}]",7.5,7784,tt0037800,N/A,The Archers
The Lost Weekend,1945,Passed,Jan,101,"Drama, Film-Noir",Billy Wilder,"Ray Milland, Jane Wyman, Phillip Terry, Howard Da Silva",The desperate life of a chronic alcoholic is followed through a four-day drinking bout.,English,USA,Won 4 Oscars. Another 12 wins & 3 nominations.,"[{'Source': 'Internet Movie Database', 'Value': '7.9/10'}, {'Source': 'Rotten Tomatoes', 'Value': '97%'}]",7.9,33148,tt0037884,N/A,Paramount Pictures
Mildred Pierce,1945,Approved,Oct,111,"Crime, Drama, Film-Noir, Mystery, Romance",Michael Curtiz,"Joan Crawford, Jack Carson, Zachary Scott, Eve Arden",A hard-working mother inches towards disaster as she divorces her husband and starts a successful restaurant business to support her spoiled daughter.,English,USA,Won 1 Oscar. Another 2 wins & 6 nominations.,"[{'Source': 'Internet Movie Database', 'Value': '8.0/10'}, {'Source': 'Rotten Tomatoes', 'Value': '86%'}, {'Source': 'Metacritic', 'Value': '88/100'}]",8,22424,tt0037913,N/A,Warner Bros.
"Rome, Open City",1945,Not Rated,Oct,103,"Drama, Thriller, War",Roberto Rossellini,"Aldo Fabrizi, Anna Magnani, Marcello Pagliero, Vito Annichiarico","During the Nazi occupation of Rome in 1944, the Resistance leader, Giorgio Manfredi, is chased by the Nazis as he seeks refuge and a way to escape.","Italian, German, Latin",Italy,Nominated for 1 Oscar. Another 7 wins.,"[{'Source': 'Internet Movie Database', 'Value': '8.0/10'}, {'Source': 'Rotten Tomatoes', 'Value': '100%'}]",8,22956,tt0038890,N/A,Excelsa Film
Beauty and the Beast,1946,Not Rated,Dec,93,"Drama, Fantasy, Romance","Jean Cocteau, René Clément","Jean Marais, Josette Day, Mila Parély, Nane Germon","A beautiful young woman takes her father's place as the prisoner of a mysterious beast, who wishes to marry her.",French,France,1 win & 2 nominations.,"[{'Source': 'Internet Movie Database', 'Value': '7.9/10'}, {'Source': 'Metacritic', 'Value': '92/100'}]",7.9,23964,tt0038348,N/A,Light Quest Films
The Best Years of Our Lives,1946,Approved,May,170,"Drama, Romance, War",William Wyler,"Myrna Loy, Fredric March, Dana Andrews, Teresa Wright",Three World War II veterans return home to small-town America to discover that they and their families have been irreparably changed.,English,USA,Won 7 Oscars. Another 14 wins & 3 nominations.,"[{'Source': 'Internet Movie Database', 'Value': '8.0/10'}, {'Source': 'Rotten Tomatoes', 'Value': '97%'}, {'Source': 'Metacritic', 'Value': '93/100'}]",8,56566,tt0036868,N/A,Samuel Goldwyn Company
The Big Sleep,1946,Not Rated,Aug,114,"Crime, Film-Noir, Mystery, Thriller",Howard Hawks,"Humphrey Bogart, Lauren Bacall, John Ridgely, Martha Vickers","Private detective Philip Marlowe is hired by a wealthy family. Before the complex case is over, he's seen murder, blackmail, and what might be love.",English,USA,2 wins.,"[{'Source': 'Internet Movie Database', 'Value': '7.9/10'}, {'Source': 'Rotten Tomatoes', 'Value': '97%'}]",7.9,77933,tt0038355,N/A,Warner Brothers/Seven Arts
Gilda,1946,Approved,Apr,110,"Drama, Film-Noir, Romance, Thriller",Charles Vidor,"Rita Hayworth, Glenn Ford, George Macready, Joseph Calleia",A small-time gambler hired to work in a Buenos Aires casino discovers his employer's new wife is his former lover.,"English, Spanish, French, German",USA,1 win & 1 nomination.,"[{'Source': 'Internet Movie Database', 'Value': '7.7/10'}, {'Source': 'Rotten Tomatoes', 'Value': '90%'}]",7.7,27619,tt0038559,N/A,Columbia Pictures Corporation
Great Expectations,1946,Approved,May,118,"Adventure, Drama, Mystery, Romance",David Lean,"John Mills, Tony Wager, Valerie Hobson, Jean Simmons",A humble orphan suddenly becomes a gentleman with the help of an unknown benefactor.,English,UK,Won 2 Oscars. Another 1 win & 4 nominations.,"[{'Source': 'Internet Movie Database', 'Value': '7.8/10'}, {'Source': 'Rotten Tomatoes', 'Value': '100%'}, {'Source': 'Metacritic', 'Value': '90/100'}]",7.8,21733,tt0038574,N/A,Cineguild
It's a Wonderful Life,1946,PG,Jan,130,"Drama, Family, Fantasy",Frank Capra,"James Stewart, Donna Reed, Lionel Barrymore, Thomas Mitchell",An angel is sent from Heaven to help a desperately frustrated businessman by showing him what life would have been like if he had never existed.,"English, French",USA,Nominated for 5 Oscars. Another 6 wins & 1 nomination.,"[{'Source': 'Internet Movie Database', 'Value': '8.6/10'}, {'Source': 'Rotten Tomatoes', 'Value': '94%'}, {'Source': 'Metacritic', 'Value': '89/100'}]",8.6,391743,tt0038650,N/A,"RKO Radio Pictures Inc., Liberty Films"
The Killers,1946,Passed,Aug,103,"Crime, Drama, Film-Noir, Mystery",Robert Siodmak,"Burt Lancaster, Ava Gardner, Edmond O'Brien, Albert Dekker","Hit men kill an unresisting victim, and investigator Reardon uncovers his past involvement with beautiful, deadly Kitty Collins.",English,USA,Nominated for 4 Oscars. Another 3 wins.,"[{'Source': 'Internet Movie Database', 'Value': '7.8/10'}, {'Source': 'Rotten Tomatoes', 'Value': '100%'}]",7.8,18669,tt0038669,N/A,Mark Hellinger Productions
A Matter of Life and Death,1946,PG,Mar,104,"Comedy, Drama, Fantasy, Romance, War","Michael Powell, Emeric Pressburger","David Niven, Kim Hunter, Robert Coote, Kathleen Byron",A British wartime aviator who cheats death must argue for his life before a celestial court.,"English, French, Russian",UK,1 win & 2 nominations.,"[{'Source': 'Internet Movie Database', 'Value': '8.1/10'}, {'Source': 'Rotten Tomatoes', 'Value': '97%'}]",8.1,18868,tt0038733,N/A,The Archers
My Darling Clementine,1946,Not Rated,Nov,97,"Biography, Drama, Western",John Ford,"Henry Fonda, Linda Darnell, Victor Mature, Cathy Downs","The Earps battle the Clantons at the OK Corral in Tombstone, Arizona.","English, Spanish",USA,3 wins.,"[{'Source': 'Internet Movie Database', 'Value': '7.8/10'}, {'Source': 'Rotten Tomatoes', 'Value': '100%'}]",7.8,21319,tt0038762,N/A,20th Century Fox
Notorious,1946,Not Rated,Sep,102,"Drama, Film-Noir, Romance, Thriller",Alfred Hitchcock,"Cary Grant, Ingrid Bergman, Claude Rains, Louis Calhern",A woman is asked to spy on a group of Nazi friends in South America. How far will she have to go to ingratiate herself with them?,"English, French, Portuguese",USA,Nominated for 2 Oscars. Another 3 wins & 1 nomination.,"[{'Source': 'Internet Movie Database', 'Value': '7.9/10'}, {'Source': 'Rotten Tomatoes', 'Value': '98%'}, {'Source': 'Metacritic', 'Value': '100/100'}]",7.9,91159,tt0038787,N/A,"RKO Radio Pictures Inc., Vanguard Films Production"
Paisan,1946,Not Rated,Mar,120,"Drama, War",Roberto Rossellini,"Carmela Sazio, Robert Van Loon, Benjamin Emanuel, Raymond Campbell",The language barrier has tragic consequences in a series of unrelated stories set during the Italian Campaign of WWII.,"Italian, English, German, Sicilian",Italy,Nominated for 1 Oscar. Another 10 wins & 1 nomination.,"[{'Source': 'Internet Movie Database', 'Value': '7.7/10'}, {'Source': 'Rotten Tomatoes', 'Value': '100%'}]",7.7,7235,tt0038823,N/A,Organizzazione Film Internazionali (OFI)
The Postman Always Rings Twice,1946,Passed,Sep,113,"Crime, Drama, Film-Noir, Mystery, Romance, Thriller",Tay Garnett,"Lana Turner, John Garfield, Cecil Kellaway, Hume Cronyn","A married woman and a drifter fall in love, then plot to murder her husband.",English,USA,N/A,"[{'Source': 'Internet Movie Database', 'Value': '7.5/10'}, {'Source': 'Rotten Tomatoes', 'Value': '89%'}, {'Source': 'Metacritic', 'Value': '84/100'}]",7.5,18196,tt0038854,N/A,Metro Goldwyn Mayer
Black Narcissus,1947,Not Rated,Dec,101,Drama,"Michael Powell, Emeric Pressburger","Deborah Kerr, Flora Robson, Jenny Laird, Judith Furse","A group of nuns struggle to establish a convent in the Himalayas, while isolation, extreme weather, altitude, and culture clashes all conspire to drive the well-intentioned missionaries mad.",English,UK,Won 2 Oscars. Another 3 wins & 1 nomination.,"[{'Source': 'Internet Movie Database', 'Value': '7.8/10'}, {'Source': 'Rotten Tomatoes', 'Value': '100%'}]",7.8,21046,tt0039192,N/A,The Archers
Monsieur Verdoux,1947,Passed,Dec,124,"Comedy, Crime, Drama",Charles Chaplin,"Charles Chaplin, Mady Correll, Allison Roddan, Robert Lewis","A suave but cynical man supports his family by marrying and murdering rich women for their money, but the job has some occupational hazards.",English,USA,Nominated for 1 Oscar. Another 5 wins.,"[{'Source': 'Internet Movie Database', 'Value': '7.9/10'}, {'Source': 'Rotten Tomatoes', 'Value': '97%'}]",7.9,15671,tt0039631,N/A,United Artists
Odd Man Out,1947,Not Rated,Apr,116,"Crime, Drama, Thriller",Carol Reed,"James Mason, Robert Newton, Cyril Cusack, F.J. McCormick",A wounded Irish nationalist leader attempts to evade police following a failed robbery in Belfast.,English,UK,Nominated for 1 Oscar. Another 2 wins & 1 nomination.,"[{'Source': 'Internet Movie Database', 'Value': '7.7/10'}, {'Source': 'Rotten Tomatoes', 'Value': '100%'}]",7.7,8858,tt0039677,N/A,Two Cities Films Ltd.
